Item#,Noun,KnownProportion,Auditory_mean,Gustatory_mean,Haptic_mean,Olfactory_mean,Visual_mean,Auditory_sd,Gustatory_sd,Haptic_sd,Olfactory_sd,Visual_sd,DominantModality,Exclusivity,
1,academy,1,1.411764706,0.058823529,0.470588235,0.117647059,2.705882353,1.325651893,0.242535625,1.067570083,0.332105582,1.571810496,Visual,0.555555556,
2,account,1,1.705882353,0.117647059,0.352941176,0.235294118,1.411764706,1.649420576,0.332105582,0.70188821,0.562295715,1.502448981,Auditory,0.415384615,
3,addition,1,1.294117647,0.470588235,0.882352941,0.647058824,3.058823529,1.263165957,0.874474632,1.053704948,0.996316746,1.390619836,Visual,0.407407407,
4,administration,0.941176471,1.75,0.0625,0.5,0.25,2.625,1.653279569,0.25,0.730296743,0.577350269,1.360147051,Visual,0.493975904,
5,advantage,1,1.705882353,0.352941176,0.529411765,0.470588235,3.117647059,1.447614671,0.606339063,0.874474632,0.874474632,1.218726433,Visual,0.447619048,
6,aim,1,1.411764706,0.235294118,1.117647059,0.470588235,2.647058824,1.325651893,0.562295715,1.536324874,0.799816155,1.617914416,Visual,0.41,
7,air,1,1.058823529,1.470588235,2.117647059,2.529411765,1.352941176,1.144038255,1.23073388,1.317305628,1.419403354,1.578811914,Olfactory,0.172413793,
8,amount,1,2,1.647058824,3.117647059,1.352941176,4.058823529,1.620185175,1.765686002,1.409004655,1.693412844,0.899346168,Visual,0.222222222,
9,appeal,1,2.294117647,1.411764706,1.235294118,1.294117647,3.294117647,1.531531337,1.905873275,1.601928984,1.759428383,1.358524286,Visual,0.216049383,
10,arrangement,1,1.823529412,0.294117647,1.470588235,0.470588235,3.411764706,1.550616576,0.685994341,1.73629084,0.799816155,1.460257834,Visual,0.417322835,
11,baby,1,4.235294118,0.823529412,3.647058824,3.117647059,4.882352941,1.200490096,1.50977209,1.221739358,1.409004655,0.332105582,Visual,0.242957746,
12,back,1,0.647058824,0.294117647,2.941176471,0.529411765,3.941176471,1.05718828,0.685994341,1.390619836,0.717430054,0.899346168,Visual,0.436619718,
13,balance,1,1.235294118,0.411764706,1.764705882,0.294117647,2.941176471,1.347655917,0.870260272,1.601928984,0.587867532,1.638237934,Visual,0.398230088,
14,bank,1,1.294117647,0.058823529,1.235294118,0.294117647,4.411764706,1.358524286,0.242535625,1.521898969,0.587867532,0.71228712,Visual,0.596774194,
15,bear,1,3.117647059,0.470588235,2.470588235,1.882352941,4.470588235,1.363925994,0.943242218,1.23073388,1.218726433,0.799816155,Visual,0.322274882,
16,beauty,1,1.941176471,0.941176471,2.352941176,1.764705882,4.941176471,1.853057886,1.197423705,1.693412844,1.480262298,0.242535625,Visual,0.334975369,
17,beginning,0.941176471,2,0.625,1.375,0.875,3,1.673320053,1.258305739,1.204159458,1.310216267,1.414213562,Visual,0.301587302,
18,blame,1,2.352941176,0.176470588,0.529411765,0.411764706,2.294117647,1.693412844,0.52859414,1.124591429,0.870260272,1.611082939,Auditory,0.37755102,
19,blanket,1,0.352941176,0.176470588,4.235294118,1.647058824,4,0.606339063,0.727606875,0.9701425,1.114740803,0.707106781,Haptic,0.389830508,
20,border,0.941176471,0.375,0.0625,1.875,0.25,3.6875,1.024695077,0.25,1.5,0.577350269,1.138346754,Visual,0.58,
21,bore,1,1.882352941,0.470588235,0.647058824,0.411764706,2.117647059,1.763602596,1.23073388,0.931475742,0.618346942,1.798692335,Visual,0.308510638,
22,bother,1,1.882352941,0.529411765,1.058823529,0.411764706,2.588235294,1.452685141,1.280510009,1.248528546,1.227743027,1.66052791,Visual,0.336363636,
23,business,1,1.823529412,0.294117647,0.647058824,0.470588235,3.529411765,1.286239389,0.469668218,0.996316746,0.717430054,1.374665735,Visual,0.47826087,
24,call,1,4.470588235,0.058823529,1,0.176470588,2.176470588,1.23073388,0.242535625,1.274754878,0.52859414,1.380004263,Auditory,0.559701493,
25,capacity,0.941176471,1.4375,0.5,2.8125,0.5,3.941176471,1.31497782,1.032795559,1.833712082,0.966091783,1.248528546,Visual,0.3744,
26,career,1,2.117647059,0.411764706,0.882352941,0.411764706,3.117647059,1.615640467,1.064120736,1.452685141,0.939336437,1.363925994,Visual,0.389830508,
27,cast,1,1.588235294,0.176470588,1.294117647,0.588235294,3.588235294,1.769845457,0.52859414,1.403776419,0.870260272,1.502448981,Visual,0.471544715,
28,center,1,0.705882353,0.470588235,2.294117647,0.352941176,4,1.212678125,0.874474632,1.829094922,0.606339063,0.935414347,Visual,0.466165414,
29,chain,0.882352941,2.125,0.1875,3.8125,0.466666667,4.3125,1.454876856,0.403112887,1.167261753,0.743223353,0.602079729,Visual,0.378295759,
30,chair,1,0.705882353,0.058823529,4.235294118,0.411764706,4.647058824,0.919558718,0.242535625,0.752446989,0.71228712,0.606339063,Visual,0.456140351,
31,city,1,4,1.058823529,1.529411765,2.588235294,4.705882353,0.866025404,1.29762226,1.374665735,1.064120736,0.469668218,Visual,0.262711864,
32,closer,1,2.294117647,0.647058824,2.823529412,1.529411765,3.705882353,1.686887144,1.05718828,1.467791458,1.58578242,0.985184366,Visual,0.278074866,
33,collection,1,1.352941176,0.294117647,2.352941176,0.529411765,3.705882353,1.366618842,0.587867532,1.411611511,1.067570083,0.919558718,Visual,0.414285714,
34,competition,1,2.588235294,0.470588235,0.882352941,0.823529412,3.529411765,1.277635684,0.799816155,1.053704948,1.333945938,1.007326105,Visual,0.368794326,
35,concept,1,2.352941176,1,1.117647059,0.882352941,2.764705882,1.497547014,1.695582496,1.495090003,1.536324874,1.714985851,Visual,0.231884058,
36,consequence,1,2.705882353,0.882352941,1.470588235,0.705882353,3.588235294,1.046703509,1.218726433,1.328422328,1.104802351,1.121317502,Visual,0.308176101,
37,contact,1,2.529411765,1.058823529,3.529411765,1.117647059,3.411764706,1.419403354,1.519481336,1.771921523,1.72780037,1.460257834,Haptic,0.212121212,
38,cope,1,1.117647059,0.176470588,0.823529412,0.352941176,2.058823529,1.268973647,0.392952624,1.236693885,0.861769725,1.344925102,Visual,0.415584416,
39,core,1,0.823529412,0.705882353,1.823529412,0.470588235,2.764705882,1.333945938,1.046703509,1.42457424,0.717430054,1.521898969,Visual,0.348214286,
40,cost,1,1.588235294,0.411764706,0.882352941,0.352941176,3.235294118,1.416810835,0.795206226,1.166316474,0.606339063,1.437420075,Visual,0.445454545,
41,cup,1,1.176470588,1.235294118,3.941176471,1.058823529,4.235294118,1.286239389,1.437420075,0.899346168,1.29762226,0.664211164,Visual,0.272727273,
42,cut,1,1.176470588,0.352941176,3.529411765,0.529411765,3.705882353,1.074435556,0.606339063,1.280510009,0.717430054,0.919558718,Visual,0.360759494,
43,dance,1,2.176470588,0,2.176470588,0.235294118,4.647058824,1.590412451,0,1.667156791,0.562295715,0.606339063,Visual,0.503184713,
44,deal,1,2,0.294117647,1,0.411764706,2.411764706,1.695582496,0.685994341,1.322875656,0.870260272,1.583462327,Visual,0.346153846,
45,deck,1,1,0.117647059,2,0.411764706,3.411764706,1.414213562,0.332105582,1.322875656,0.870260272,1.416810835,Visual,0.474576271,
46,democracy,1,2.294117647,0,0.176470588,0.058823529,2.823529412,1.571810496,0,0.52859414,0.242535625,1.286239389,Visual,0.527472527,
47,department,1,1.588235294,0.176470588,0.470588235,0.882352941,3.588235294,1.325651893,0.392952624,0.717430054,0.857492926,0.939336437,Visual,0.50877193,
48,development,1,2.117647059,1.294117647,1.647058824,1.117647059,3.764705882,1.495090003,1.571810496,1.578811914,1.536324874,0.903424856,Visual,0.266272189,
49,direction,1,2.294117647,0.294117647,1.411764706,0.764705882,4.058823529,1.686887144,0.587867532,1.502448981,1.032558217,1.028991511,Visual,0.426666667,
50,dispute,1,3.235294118,0.117647059,0.823529412,0.176470588,3.588235294,1.521898969,0.332105582,1.42457424,0.52859414,1.227743027,Visual,0.437037037,
51,distinction,1,2.176470588,1.470588235,1.941176471,1.529411765,2.941176471,1.590412451,1.62471717,1.675954513,1.62471717,1.390619836,Visual,0.14619883,
52,dive,1,2,0.176470588,1.764705882,0.411764706,3.882352941,0.935414347,0.392952624,1.640480561,0.618346942,0.927520414,Visual,0.45,
53,doctor,1,3,0.705882353,1.647058824,1.294117647,4.470588235,1.274754878,1.212678125,1.765686002,1.212678125,0.717430054,Visual,0.338624339,
54,drama,1,3.235294118,0.235294118,0.941176471,0.411764706,3.941176471,1.521898969,0.562295715,1.144038255,0.795206226,1.390619836,Visual,0.422818792,
55,dream,1,2.176470588,0.529411765,0.823529412,0.764705882,3.176470588,1.740520544,0.943242218,1.42457424,1.091410313,1.740520544,Visual,0.354330709,
56,duty,1,1.588235294,0.176470588,0.470588235,0.352941176,2.411764706,1.277635684,0.392952624,0.943242218,0.70188821,1.227743027,Visual,0.447058824,
57,economy,0.941176471,1.882352941,0.058823529,0.470588235,0.125,2.117647059,1.653872461,0.242535625,1.007326105,0.341565026,1.72780037,Visual,0.442338073,
58,edge,1,0.529411765,0.176470588,3.588235294,0.117647059,3.941176471,0.799816155,0.392952624,1.121317502,0.332105582,0.826936231,Visual,0.457746479,
59,education,1,3.705882353,0.529411765,1.058823529,0.588235294,3.941176471,1.263165957,0.943242218,1.29762226,0.939336437,0.899346168,Visual,0.347305389,
60,emotion,1,2.882352941,0.941176471,2.411764706,0.764705882,3.647058824,1.653872461,1.390619836,1.769845457,1.147247345,1.366618842,Visual,0.270718232,
61,enthusiasm,1,3.294117647,0.529411765,1.294117647,0.529411765,3.705882353,1.447614671,0.943242218,1.447614671,0.799816155,0.848874688,Visual,0.339622642,
62,entrance,1,1,0.176470588,1.882352941,0.647058824,4.352941176,1.414213562,0.392952624,1.653872461,0.931475742,0.785905248,Visual,0.518248175,
63,equipment,1,1.529411765,0.411764706,3.352941176,0.882352941,4.235294118,0.943242218,0.870260272,1.221739358,0.992619825,0.562295715,Visual,0.367231638,
64,estimate,1,1.588235294,0.823529412,1.588235294,0.705882353,2.705882353,1.325651893,1.236693885,1.622452755,0.985184366,1.649420576,Visual,0.26984127,
65,exchange,1,1.882352941,0.529411765,1.764705882,0.647058824,3.176470588,1.363925994,1.178857872,1.678146737,1.169464432,1.467791458,Visual,0.330882353,
66,excitement,1,3.529411765,1.176470588,2.176470588,1.294117647,3.941176471,1.178857872,1.42457424,1.550616576,1.571810496,1.088036548,Visual,0.22815534,
67,expansion,0.941176471,1.705882353,0.470588235,2.8125,0.411764706,3.941176471,1.263165957,0.943242218,1.558578412,0.870260272,1.144038255,Visual,0.377804014,
68,extreme,1,2.235294118,1.588235294,1.941176471,1.823529412,3.411764706,1.437420075,1.66052791,1.712840778,1.740520544,1.622452755,Visual,0.165775401,
69,eye,1,0.058823529,0,2.235294118,0,4.764705882,0.242535625,0,1.437420075,0,0.664211164,Visual,0.675,
70,fact,1,3.352941176,0.647058824,1.176470588,1.058823529,3.352941176,1.656093916,1.32009358,1.550616576,1.560071642,1.578811914,Auditory,0.282208589,
71,factory,1,3.176470588,0.588235294,1.470588235,3.058823529,4.588235294,1.42457424,1.121317502,1.462773353,1.028991511,0.507299656,Visual,0.310502283,
72,failure,1,2.411764706,0.941176471,1.294117647,0.705882353,3.470588235,1.502448981,1.29762226,1.447614671,1.104802351,1.124591429,Visual,0.313333333,
73,faint,1,1.058823529,0.411764706,2.058823529,0.294117647,3,1.088036548,0.870260272,1.784327192,0.469668218,1.369306394,Visual,0.396551724,
74,fear,1,2.176470588,0.705882353,1.882352941,0.823529412,3.470588235,1.944070926,0.985184366,1.452685141,1.236693885,1.662740474,Visual,0.305194805,
75,feel,0.941176471,1.235294118,1.125,4.764705882,0.764705882,1.941176471,1.714985851,1.5,0.9701425,1.437420075,1.886484437,Haptic,0.406881077,
76,file,1,0.764705882,0.117647059,2.411764706,0.235294118,4.058823529,0.903424856,0.332105582,1.277635684,0.562295715,0.826936231,Visual,0.519379845,
77,finance,1,1.176470588,0.235294118,1.176470588,0.176470588,2.941176471,1.333945938,0.562295715,1.629236559,0.52859414,1.248528546,Visual,0.484536082,
78,find,1,1.764705882,0.647058824,3.117647059,1.647058824,3.941176471,1.855040827,0.996316746,1.72780037,1.411611511,1.477776549,Visual,0.296296296,
79,finish,1,2.235294118,0.705882353,1,0.705882353,3.352941176,1.601928984,1.403776419,1.5,1.263165957,1.221739358,Visual,0.330882353,
80,food,1,1.470588235,4.882352941,3.411764706,4.529411765,4.294117647,1.504893977,0.332105582,1.227743027,0.624264273,0.771743633,Gustatory,0.183544304,
81,form,1,0.882352941,0.411764706,2,0.470588235,3.235294118,1.409004655,0.71228712,1.870828693,0.943242218,1.751050105,Visual,0.403361345,
82,formation,1,0.882352941,0.470588235,1.588235294,0.352941176,3.764705882,0.857492926,0.799816155,1.460257834,0.70188821,1.393261092,Visual,0.483333333,
83,friend,1,4.117647059,0.352941176,3.058823529,2.058823529,4.764705882,1.363925994,0.70188821,1.638237934,1.477776549,0.562295715,Visual,0.307377049,
84,function,1,2,0.705882353,1.529411765,0.705882353,3.117647059,1.541103501,1.104802351,1.58578242,1.212678125,1.452685141,Visual,0.299270073,
85,gesture,1,0.823529412,0.058823529,1.941176471,0.117647059,4.529411765,0.727606875,0.242535625,1.712840778,0.332105582,0.717430054,Visual,0.598425197,
86,glass,1,2.058823529,0.352941176,3.823529412,0.235294118,4.470588235,1.599632311,0.606339063,0.882843001,0.437237316,0.717430054,Visual,0.387096774,
87,grade,1,1.058823529,0.058823529,0.411764706,0.117647059,2.764705882,1.29762226,0.242535625,0.71228712,0.48507125,1.437420075,Visual,0.613333333,
88,grass,1,0.647058824,0.352941176,3.705882353,3.058823529,4.705882353,0.785905248,0.996316746,0.919558718,0.96634545,0.587867532,Visual,0.349056604,
89,guilt,1,1.294117647,0.294117647,1,0.352941176,2.235294118,1.311711948,0.469668218,1.414213562,0.606339063,1.480262298,Visual,0.375,
90,hat,1,0.352941176,0,3.294117647,0.647058824,4.588235294,0.70188821,0,1.490163828,0.931475742,0.618346942,Visual,0.516556291,
91,health,0.882352941,1.588235294,0.647058824,2.3125,1.1875,3.647058824,1.460257834,0.996316746,1.579820665,1.108677891,1.32009358,Visual,0.319749216,
92,heaven,1,1.764705882,0.588235294,0.882352941,0.823529412,1.529411765,1.786386428,1.502448981,1.691240408,1.704233483,1.771921523,Auditory,0.210526316,
93,hide,1,1.058823529,0.176470588,1.294117647,0.411764706,3.294117647,1.29762226,0.392952624,1.403776419,0.71228712,1.490163828,Visual,0.5,
94,hole,1,0.411764706,0.058823529,2.588235294,0.470588235,4.235294118,0.618346942,0.242535625,1.543487266,0.874474632,0.664211164,Visual,0.537878788,
95,honey,1,0.647058824,4.764705882,2.823529412,3.764705882,4.117647059,1.271867548,0.562295715,1.185078801,1.147247345,0.927520414,Gustatory,0.255474453,
96,hour,1,1.411764706,0.058823529,0.235294118,0.117647059,2.764705882,1.73417212,0.242535625,0.562295715,0.332105582,1.786386428,Visual,0.58974359,
97,impression,1,2.588235294,0.941176471,1,1.294117647,3.705882353,1.416810835,1.434860108,1.118033989,1.490163828,1.046703509,Visual,0.290123457,
98,inch,1,0.176470588,0.058823529,2.294117647,0.058823529,4,0.392952624,0.242535625,1.311711948,0.242535625,1.17260394,Visual,0.598214286,
99,incident,1,3.117647059,0.470588235,1.411764706,1.352941176,4.176470588,1.495090003,0.717430054,1.416810835,1.411611511,0.882843001,Visual,0.351955307,
100,income,1,1.117647059,0.470588235,0.882352941,0.117647059,3,1.452685141,1.007326105,1.363925994,0.332105582,1.5,Visual,0.515789474,
101,increase,1,2.294117647,1.117647059,2.235294118,1.294117647,3.764705882,1.490163828,1.691240408,1.480262298,1.490163828,0.664211164,Visual,0.247252747,
102,independence,1,2.117647059,0.294117647,0.941176471,0.294117647,3.294117647,1.615640467,0.587867532,1.519481336,0.587867532,1.212678125,Visual,0.43220339,
103,influence,1,1.941176471,0.352941176,0.882352941,0.352941176,2.588235294,1.784327192,0.861769725,1.452685141,0.861769725,1.697749375,Visual,0.365384615,
104,instance,1,0.882352941,0.176470588,0.529411765,0.529411765,1.647058824,1.218726433,0.52859414,0.874474632,1.007326105,1.617914416,Visual,0.390625,
105,interior,1,0.705882353,0.235294118,3,1.352941176,4.588235294,0.771743633,0.562295715,1.414213562,1.221739358,0.71228712,Visual,0.44047619,
106,junior,1,2.058823529,0.235294118,1.176470588,0.764705882,2.941176471,1.560071642,0.437237316,1.333945938,1.032558217,1.344925102,Visual,0.37704918,
107,kind,0.941176471,2.5,0.25,1.9375,0.375,2.8125,1.591644852,0.577350269,1.806239187,0.718795288,1.600781059,Visual,0.325396825,
108,left,1,1.235294118,0.176470588,1.764705882,0.176470588,3.411764706,1.562426469,0.52859414,1.437420075,0.52859414,1.227743027,Visual,0.47826087,
109,life,1,3.823529412,2.941176471,3.411764706,3.235294118,4.352941176,1.286239389,1.712840778,1.583462327,1.562426469,0.931475742,Visual,0.079470199,
110,load,1,0.823529412,0.470588235,2,0.588235294,2.941176471,1.014599312,0.717430054,1.414213562,0.939336437,1.344925102,Visual,0.362068966,
111,look,1,0.529411765,0.176470588,0.941176471,0.352941176,4.764705882,0.717430054,0.392952624,1.088036548,0.606339063,0.9701425,Visual,0.67826087,
112,loop,1,1.058823529,0.235294118,2.764705882,0.235294118,3.705882353,1.477776549,0.562295715,1.521898969,0.562295715,0.919558718,Visual,0.433823529,
113,machine,1,3.764705882,0.235294118,2.882352941,1.529411765,4.235294118,1.091410313,0.752446989,1.268973647,1.280510009,0.562295715,Visual,0.31627907,
114,management,1,2.823529412,0.117647059,0.352941176,0.352941176,3.529411765,1.50977209,0.332105582,0.70188821,0.70188821,0.943242218,Visual,0.475409836,
115,march,1,2.352941176,0.235294118,0.529411765,0.529411765,3.058823529,1.729926894,0.562295715,0.799816155,0.874474632,1.519481336,Visual,0.421052632,
116,master,0.941176471,2.764705882,0.294117647,0.705882353,0.411764706,3.4375,1.601928984,0.771743633,0.985184366,0.618346942,1.631716887,Visual,0.412844037,
117,mate,1,3.058823529,0.411764706,2.823529412,1.529411765,4.470588235,1.560071642,0.71228712,1.590412451,1.23073388,0.624264273,Visual,0.330143541,
118,matter,0.882352941,1.5,1.133333333,2.125,1.4375,2.625,1.366260102,1.457329587,1.962141687,1.412739655,1.668332501,Visual,0.169107227,
119,method,1,2.176470588,0.235294118,0.823529412,0.294117647,3.058823529,1.286239389,0.437237316,1.074435556,0.587867532,1.248528546,Visual,0.428571429,
120,minute,1,1.764705882,0.058823529,0.235294118,0.176470588,2.764705882,1.601928984,0.242535625,0.562295715,0.52859414,1.786386428,Visual,0.541176471,
121,miss,1,1.823529412,0.411764706,1.647058824,0.529411765,2.882352941,1.590412451,0.870260272,1.765686002,1.067570083,1.691240408,Visual,0.338709677,
122,missile,1,3.588235294,0.058823529,1.235294118,0.764705882,4,1.697749375,0.242535625,1.347655917,0.903424856,1.274754878,Visual,0.408536585,
123,money,1,1.470588235,0.352941176,3.705882353,1.176470588,4.823529412,1.23073388,0.70188821,0.848874688,1.236693885,0.392952624,Visual,0.387755102,
124,mouth,1,2.235294118,3.294117647,3.117647059,1.235294118,3.529411765,1.821037196,1.571810496,1.495090003,1.393261092,1.178857872,Visual,0.171052632,
125,muscle,1,0.588235294,0.352941176,4.058823529,0.352941176,4,1.227743027,0.996316746,1.144038255,0.996316746,0.790569415,Haptic,0.396226415,
126,night,1,1.647058824,0.117647059,0.470588235,0.470588235,4.764705882,1.538716042,0.332105582,0.874474632,0.874474632,0.562295715,Visual,0.622047244,
127,orderly,0.823529412,1.466666667,0.133333333,1,0.142857143,3.066666667,1.457329587,0.351865775,1,0.36313652,1.579632266,Visual,0.504918033,
128,past,1,2.294117647,0.647058824,0.588235294,0.823529412,2.176470588,1.490163828,1.169464432,1.003669737,1.286239389,1.550616576,Auditory,0.261261261,
129,permission,1,2.764705882,0.235294118,0.647058824,0.294117647,2.117647059,1.888432279,0.9701425,1.32009358,0.985184366,1.615640467,Auditory,0.417475728,
130,personnel,1,1.705882353,0.117647059,0.882352941,0.411764706,2.941176471,1.531531337,0.332105582,1.166316474,0.870260272,1.599632311,Visual,0.466019417,
131,phone,1,4.352941176,0,3,0.058823529,4.235294118,1.32009358,0,1.58113883,0.242535625,0.831370237,Auditory,0.373737374,
132,picture,1,0.235294118,0.117647059,1.529411765,0.235294118,4.764705882,0.562295715,0.332105582,1.280510009,0.562295715,0.437237316,Visual,0.675213675,
133,plug,1,0.823529412,0.117647059,3.235294118,0.235294118,4.411764706,0.95100566,0.332105582,1.251469724,0.562295715,0.618346942,Visual,0.486666667,
134,portion,1,0.647058824,1.764705882,2.411764706,1.411764706,4,0.861769725,1.200490096,1.227743027,1.502448981,1,Visual,0.327586207,
135,pound,1,1.235294118,0.411764706,3.647058824,0.411764706,4.352941176,1.562426469,0.71228712,1.366618842,0.618346942,0.996316746,Visual,0.391812865,
136,powder,0.941176471,0.8125,2.375,3.75,2.75,4.0625,1.108677891,1.74642492,0.930949336,1.483239697,0.680073525,Visual,0.236363636,
137,preparation,0.941176471,1.8125,0.9375,1.625,1.625,3.0625,1.108677891,1.236594787,1.454876856,1.668332501,0.997914492,Visual,0.234482759,
138,primary,1,1.176470588,0.411764706,0.470588235,0.529411765,2.352941176,1.185078801,0.71228712,0.624264273,0.874474632,1.497547014,Visual,0.392857143,
139,prize,1,1.647058824,0.764705882,2.647058824,0.764705882,4,1.45521375,1.032558217,1.45521375,1.032558217,0.935414347,Visual,0.329341317,
140,production,1,1.529411765,1.176470588,1.529411765,1.235294118,3.235294118,1.374665735,1.236693885,1.545867356,1.251469724,1.251469724,Visual,0.236486486,
141,property,1,0.764705882,0.470588235,1.882352941,0.941176471,4.058823529,0.9701425,0.943242218,1.536324874,1.088036548,1.344925102,Visual,0.442028986,
142,proportion,1,1.411764706,1,2.352941176,0.764705882,3.764705882,1.325651893,1.224744871,1.497547014,1.032558217,1.30045241,Visual,0.32278481,
143,quality,1,3.058823529,3.411764706,4.058823529,3.117647059,4.294117647,1.853057886,1.622452755,1.088036548,1.72780037,0.848874688,Visual,0.068852459,
144,reflection,1,0.235294118,0,0.470588235,0.176470588,4.647058824,0.562295715,0,0.717430054,0.52859414,1.05718828,Visual,0.840425532,
145,refrigerator,1,1.882352941,1.235294118,2.470588235,2.294117647,4.411764706,1.363925994,1.601928984,1.280510009,1.490163828,0.71228712,Visual,0.258373206,
146,relation,1,2.058823529,0.294117647,1.411764706,0.882352941,3.411764706,1.675954513,0.848874688,1.371988681,1.166316474,1.769845457,Visual,0.386861314,
147,republic,0.823529412,0.533333333,0.066666667,0.266666667,0.066666667,1.785714286,0.639940473,0.25819889,0.457737708,0.25819889,1.188313053,Visual,0.632224168,
148,rise,1,1.529411765,0.294117647,2.470588235,0.529411765,4.117647059,1.124591429,0.587867532,1.699913493,0.799816155,0.696630546,Visual,0.427631579,
149,role,1,1.882352941,0.058823529,0.470588235,0.235294118,2.588235294,1.536324874,0.242535625,0.943242218,0.437237316,1.460257834,Visual,0.483146067,
150,roof,1,0.529411765,0.058823529,1.941176471,0.176470588,4.470588235,0.943242218,0.242535625,1.29762226,0.392952624,0.799816155,Visual,0.614754098,
151,route,0.941176471,1.117647059,0.25,1.352941176,0.5,3.823529412,0.927520414,0.577350269,1.45521375,0.730296743,1.185078801,Visual,0.507306889,
152,rush,1,2.352941176,0.411764706,1.647058824,0.588235294,3.764705882,1.271867548,0.870260272,1.693412844,1.064120736,1.200490096,Visual,0.382550336,
153,sauce,1,1.058823529,4.764705882,1.411764706,3.705882353,3.588235294,1.390619836,0.562295715,1.003669737,0.985184366,1.003669737,Gustatory,0.255060729,
154,school,1,3.176470588,0.529411765,1.352941176,1.352941176,4.470588235,1.236693885,0.874474632,1.32009358,1.05718828,0.624264273,Visual,0.362162162,
155,second,1,1.235294118,0.176470588,0.529411765,0.235294118,2.117647059,1.393261092,0.727606875,1.23073388,0.752446989,1.833110503,Visual,0.452054795,
156,seed,1,0.647058824,2.470588235,2.941176471,1.176470588,4.117647059,1.05718828,1.462773353,0.826936231,1.185078801,0.781213234,Visual,0.305699482,
157,sergeant,1,2.823529412,0.058823529,0.470588235,0.235294118,3.882352941,1.42457424,0.242535625,0.874474632,0.562295715,1.053704948,Visual,0.511811024,
158,shell,1,1.294117647,0.705882353,3.647058824,1.176470588,4.117647059,1.358524286,1.104802351,0.996316746,1.286239389,0.696630546,Visual,0.311827957,
159,site,0.941176471,1.5,0.1875,0.625,0.625,3.75,1.366260102,0.543905629,0.885061203,0.718795288,1.390443574,Visual,0.53271028,
160,slavery,1,2.529411765,0.411764706,0.411764706,0.647058824,3.529411765,1.462773353,0.71228712,0.795206226,1.32009358,1.374665735,Visual,0.4140625,
161,soap,1,0.352941176,1.294117647,4.117647059,4,4.058823529,0.70188821,1.104802351,1.166316474,0.935414347,0.658652814,Haptic,0.272340426,
162,socialist,0.941176471,2.5625,0.0625,0.375,0.125,2.5,1.31497782,0.25,0.806225775,0.341565026,1.211060142,Auditory,0.444444444,
163,solution,1,1.823529412,0.352941176,0.764705882,0.470588235,2.647058824,1.333945938,0.70188821,1.091410313,0.799816155,1.32009358,Visual,0.378640777,
164,spirit,1,1.529411765,0.235294118,0.764705882,0.529411765,2,1.58578242,0.562295715,1.147247345,0.717430054,1.322875656,Visual,0.348837209,
165,statement,1,2.529411765,0.176470588,0.647058824,0.176470588,2.705882353,1.699913493,0.727606875,1.05718828,0.52859414,1.447614671,Visual,0.405660377,
166,stay,1,1.529411765,0.235294118,1.470588235,0.411764706,2.588235294,1.462773353,0.562295715,1.419403354,0.795206226,1.416810835,Visual,0.377358491,
167,stop,1,2.647058824,0.705882353,1.764705882,0.647058824,3.941176471,1.729926894,1.490163828,1.640480561,1.366618842,1.088036548,Visual,0.339393939,
168,stranger,1,2.705882353,0.352941176,1.352941176,1.352941176,4.352941176,1.403776419,0.861769725,1.32009358,1.05718828,0.861769725,Visual,0.395348837,
169,strength,1,1.411764706,0.411764706,3.176470588,0.470588235,3.764705882,1.371988681,0.795206226,1.42457424,0.717430054,1.200490096,Visual,0.363057325,
170,student,0.941176471,3.375,0.1875,1.5,1.1875,4.4375,1.258305739,0.403112887,1.366260102,1.046820583,0.81394103,Visual,0.397660819,
171,substitute,1,1.529411765,1.117647059,1.235294118,0.941176471,3.470588235,1.841115391,1.536324874,1.562426469,1.477776549,1.280510009,Visual,0.304964539,
172,symbol,1,0.941176471,0.470588235,1.294117647,0.529411765,4,1.390619836,1.067570083,1.159994929,1.124591429,1,Visual,0.487804878,
173,talent,1,3.705882353,1.294117647,1.470588235,1.235294118,4.529411765,1.311711948,1.649420576,1.62471717,1.521898969,0.624264273,Visual,0.269230769,
174,tendency,0.941176471,0.9375,0.125,0.5,0.25,1.875,0.771902412,0.5,1.211060142,0.577350269,1.310216267,Visual,0.474576271,
175,text,1,1.705882353,0.058823529,1,0.176470588,4.647058824,1.72353945,0.242535625,1.274754878,0.392952624,0.70188821,Visual,0.604651163,
176,theme,1,2.058823529,0.647058824,0.941176471,0.882352941,3.411764706,1.29762226,1.221739358,1.248528546,1.317305628,1.325651893,Visual,0.348148148,
177,theory,1,2.470588235,0.235294118,0.411764706,0.235294118,2.470588235,1.328422328,0.562295715,0.618346942,0.562295715,1.62471717,Auditory,0.383838384,
178,thick,1,1,2.058823529,4.117647059,0.647058824,4.235294118,0.935414347,1.344925102,0.857492926,1.114740803,0.831370237,Visual,0.297560976,
179,three,1,1.705882353,0.352941176,2.529411765,0.411764706,3.705882353,1.403776419,0.606339063,1.62471717,0.71228712,1.490163828,Visual,0.385135135,
180,title,1,1.941176471,0.058823529,0.235294118,0.117647059,3.294117647,1.344925102,0.242535625,0.562295715,0.332105582,1.403776419,Visual,0.572916667,
181,tool,0.941176471,1.941176471,0.235294118,3.4375,0.705882353,4,1.390619836,0.752446989,1.263262971,1.104802351,1.274754878,Visual,0.36480228,
182,track,0.941176471,1.529411765,0.058823529,1.294117647,0.647058824,3.5,1.73629084,0.242535625,1.447614671,1.169464432,1.505545305,Visual,0.489539749,
183,tractor,1,3.882352941,0.235294118,1.705882353,1.647058824,4.529411765,1.409004655,0.664211164,1.159994929,1.656093916,0.514495755,Visual,0.357843137,
184,trend,1,1.705882353,0.647058824,1.117647059,0.588235294,3.882352941,1.686887144,1.114740803,1.409004655,1.121317502,1.409004655,Visual,0.414814815,
185,trim,1,0.882352941,0.176470588,2.529411765,0.294117647,3.647058824,1.11143786,0.392952624,1.62471717,0.587867532,1.05718828,Visual,0.4609375,
186,vacuum,1,3.294117647,0.117647059,1.411764706,1.117647059,3.411764706,2.114376559,0.332105582,1.502448981,1.11143786,1.697749375,Visual,0.352201258,
187,variety,1,3.294117647,3.235294118,3.294117647,3.058823529,4.411764706,1.311711948,1.147247345,1.212678125,1.29762226,0.71228712,Visual,0.078231293,
188,vice,0.823529412,1.142857143,0.571428571,1.5,0.357142857,2.714285714,1.292412345,1.089409559,1.556623565,0.841897386,1.728875643,Visual,0.375,
189,view,1,0.705882353,0.235294118,0.470588235,0.647058824,4.529411765,0.919558718,0.562295715,0.717430054,0.931475742,0.943242218,Visual,0.651785714,
190,voluntary,0.941176471,1.125,0.125,0.5,0.3125,2.875,1.310216267,0.341565026,0.894427191,0.602079729,1.543804824,Visual,0.556962025,
191,wait,1,1.294117647,0.176470588,0.705882353,0.352941176,2.235294118,1.159994929,0.52859414,1.212678125,0.606339063,1.562426469,Visual,0.432098765,
192,want,1,2,1.764705882,1.941176471,1.647058824,2.882352941,1.414213562,1.601928984,1.434860108,1.497547014,1.653872461,Visual,0.120689655,
193,waste,1,1.117647059,0.764705882,1.470588235,3.529411765,4.117647059,0.927520414,1.200490096,0.943242218,1.178857872,0.600245048,Visual,0.304812834,
194,welfare,1,1.823529412,0.352941176,1.235294118,0.882352941,2.882352941,1.380004263,0.70188821,1.562426469,1.363925994,1.268973647,Visual,0.352459016,
195,west,1,0.764705882,0.117647059,0.411764706,0.235294118,2.705882353,1.032558217,0.48507125,0.795206226,0.562295715,1.759428383,Visual,0.611111111,
196,wheel,1,1.588235294,0.294117647,2.470588235,0.470588235,4.529411765,1.121317502,0.685994341,1.58578242,0.874474632,0.717430054,Visual,0.452830189,
197,win,0.941176471,3,0.470588235,1,0.588235294,3.823529412,1.211060142,0.799816155,1.17260394,0.939336437,1.236693885,Visual,0.377483444,
198,window,1,0.823529412,0.294117647,2.764705882,0.470588235,4.705882353,1.074435556,0.771743633,1.30045241,0.943242218,0.469668218,Visual,0.487012987,
199,worker,1,2.529411765,0.117647059,1.352941176,1.117647059,4.235294118,1.462773353,0.332105582,1.366618842,1.166316474,0.903424856,Visual,0.440251572,
200,wrong,1,2.647058824,1.176470588,1.235294118,1,2.764705882,1.693412844,1.667156791,1.521898969,1.620185175,1.678146737,Visual,0.2,
201,admission,0.941176471,1.8125,0,0.875,0.4375,3.4375,2.040220576,0,1.586400538,1.030776406,1.547847968,Visual,0.523809524,
202,advice,1,4.882352941,0,0,0,2.058823529,0.48507125,0,0,0,1.599632311,Auditory,0.703389831,
203,amateur,1,2.882352941,0.411764706,0.588235294,0.294117647,3.588235294,1.798692335,0.870260272,1.064120736,0.771743633,1.460257834,Visual,0.424242424,
204,anger,1,3.705882353,0.117647059,1.411764706,0.352941176,4.117647059,1.531531337,0.48507125,1.938389265,0.861769725,0.927520414,Visual,0.412121212,
205,answer,1,4,0,0.411764706,0,2.882352941,1.541103501,0,1.175735064,0,1.763602596,Auditory,0.548387097,
206,area,1,1,0.117647059,2.058823529,0.588235294,4,1.322875656,0.48507125,1.784327192,1.325651893,1.060660172,Visual,0.5,
207,aspect,0.882352941,1.875,0.5,0.8,1,2.375,1.668332501,1.316561177,1.264911064,1.549193338,2.028957039,Visual,0.286259542,
208,atom,0.941176471,1,0.625,0.941176471,0.5,1.375,1.903943276,1.454876856,1.712840778,1.414213562,1.62788206,Visual,0.197019868,
209,attempt,1,1.647058824,0.176470588,1.352941176,0.117647059,2.529411765,1.578811914,0.52859414,1.578811914,0.332105582,1.58578242,Visual,0.414141414,
210,aunt,0.941176471,3.764705882,0.117647059,2.764705882,2.3125,4.411764706,1.30045241,0.332105582,1.30045241,1.447699324,0.870260272,Visual,0.3211438,
211,background,1,1.823529412,0.117647059,0.529411765,0.411764706,3.470588235,1.704233483,0.332105582,1.124591429,0.870260272,1.73629084,Visual,0.527777778,
212,band,1,4.588235294,0,1,0.411764706,4.058823529,0.71228712,0,1.620185175,1.003669737,1.088036548,Auditory,0.456140351,
213,base,0.941176471,1.1875,0.25,2.25,0.0625,3.3125,1.721191448,1,1.983263304,0.25,1.493039406,Visual,0.460176991,
214,bath,0.941176471,2.647058824,0.294117647,4.529411765,2.588235294,4,1.693412844,0.587867532,0.874474632,1.543487266,1.414213562,Haptic,0.30125523,
215,belt,1,1,0,4.235294118,1.235294118,4.411764706,1.274754878,0,0.903424856,1.30045241,0.795206226,Visual,0.405405405,
216,body,1,3.235294118,1.470588235,4.411764706,3.352941176,4.764705882,1.751050105,1.73629084,0.795206226,1.693412844,0.437237316,Visual,0.19112628,
217,bone,1,1.588235294,1.294117647,4.058823529,1,3.411764706,1.905873275,1.829094922,1.144038255,1.658312395,1.66052791,Haptic,0.269430052,
218,boss,1,3.764705882,0,1.294117647,0.882352941,4.294117647,1.30045241,0,1.571810496,1.268973647,0.685994341,Visual,0.41954023,
219,break,0.941176471,2.875,1.125,2.5,0.5,3.0625,1.74642492,1.62788206,1.788854382,0.966091783,1.569235483,Visual,0.254658385,
220,breath,1,2.176470588,2.176470588,1.705882353,3,1.705882353,1.740520544,1.845104811,1.72353945,1.870828693,1.490163828,Olfactory,0.120218579,
221,brief,0.941176471,2.25,0.25,0.75,0.5625,2.125,1.61245155,0.774596669,1.238278375,1.093541647,1.74642492,Auditory,0.336842105,
222,builder,1,3.764705882,0.176470588,1.235294118,1.352941176,4.294117647,1.751050105,0.727606875,1.92124347,1.538716042,0.919558718,Visual,0.380434783,
223,bullet,1,2.941176471,0.117647059,2.882352941,1.058823529,3.529411765,1.919328927,0.48507125,1.996320144,1.197423705,1.545867356,Visual,0.324022346,
224,camp,1,2.529411765,0.588235294,2.411764706,1.647058824,3.882352941,1.699913493,0.939336437,1.905873275,1.617914416,1.053704948,Visual,0.29787234,
225,cash,1,1.882352941,0.235294118,4,1.470588235,4.470588235,1.798692335,0.752446989,1.17260394,1.58578242,0.717430054,Visual,0.351219512,
226,cause,0.941176471,2.4375,0.375,0.9375,0.375,2.875,1.67207456,0.885061203,1.289379696,0.885061203,1.707825128,Visual,0.357142857,
227,cellar,0.941176471,1.375,0.125,2.6875,2.8125,4.125,1.408308678,0.341565026,1.493039406,1.515200757,1.310216267,Visual,0.359550562,
228,century,1,1.705882353,0.058823529,0.117647059,0.176470588,2.176470588,1.829094922,0.242535625,0.48507125,0.52859414,1.845104811,Visual,0.5,
229,chart,1,0.529411765,0,0.764705882,0.058823529,3.764705882,0.943242218,0,1.347655917,0.242535625,1.821037196,Visual,0.735632184,
230,claim,1,2.764705882,0,0.588235294,0,2.176470588,2.016476251,0,1.064120736,0,1.590412451,Auditory,0.5,
231,close,1,1.941176471,0.235294118,2.941176471,1.352941176,3.941176471,2.045439691,0.9701425,1.886484437,2.089891638,1.477776549,Visual,0.355932203,
232,comedy,1,4.705882353,0,0.764705882,0.058823529,3.705882353,0.985184366,0,1.147247345,0.242535625,1.794599742,Auditory,0.50955414,
233,condition,1,2.647058824,0.882352941,2.705882353,1.588235294,3.588235294,1.617914416,1.495090003,1.759428383,1.697749375,1.460257834,Visual,0.237113402,
234,confidence,1,3,0.352941176,1.411764706,0.470588235,3.941176471,1.369306394,1.05718828,1.66052791,1.124591429,1.29762226,Visual,0.391025641,
235,construction,1,2.941176471,0.117647059,2.058823529,0.882352941,4,1.675954513,0.332105582,1.712840778,1.11143786,1.17260394,Visual,0.388235294,
236,content,1,2.117647059,1.470588235,3,1.411764706,3.764705882,1.72780037,1.806849712,1.620185175,1.73417212,1.147247345,Visual,0.2,
237,contract,1,2.588235294,0.117647059,1.529411765,0.117647059,3.941176471,1.905873275,0.48507125,1.907801322,0.48507125,1.519481336,Visual,0.460992908,
238,cotton,1,0.411764706,0.117647059,4.470588235,0.882352941,4.058823529,0.618346942,0.48507125,0.943242218,1.166316474,0.96634545,Haptic,0.437869822,
239,council,1,2.705882353,0,0.470588235,0.294117647,2.882352941,1.992633492,0,1.067570083,0.848874688,1.96476312,Visual,0.453703704,
240,cousin,1,4.058823529,0,2.882352941,1.705882353,4.529411765,1.088036548,0,1.495090003,1.686887144,0.717430054,Visual,0.34375,
241,craft,1,1.882352941,0.411764706,3.235294118,0.705882353,3.705882353,1.833110503,0.870260272,1.562426469,1.104802351,1.403776419,Visual,0.331360947,
242,crime,1,3.588235294,0.117647059,1.176470588,0.117647059,4.235294118,1.502448981,0.332105582,1.50977209,0.332105582,0.831370237,Visual,0.445859873,
243,crisis,1,3.823529412,0,1.411764706,0.882352941,4.176470588,1.629236559,0,1.543487266,1.615640467,1.286239389,Visual,0.405714286,
244,cure,0.941176471,1.058823529,0.764705882,1.941176471,0.625,2.941176471,1.519481336,1.251469724,2.045439691,1.147460965,1.675954513,Visual,0.315947844,
245,curiosity,1,2.823529412,1,1.882352941,1.176470588,3.235294118,1.629236559,1.414213562,1.615640467,1.467791458,1.678146737,Visual,0.220930233,
246,curve,1,0.117647059,0,3.941176471,0,4.294117647,0.332105582,0,1.197423705,0,1.104802351,Visual,0.514084507,
247,customer,0.941176471,3.625,0,1.823529412,1.352941176,4,1.360147051,0,1.50977209,1.538716042,1.369306394,Visual,0.370319946,
248,death,1,2.470588235,0.117647059,1.705882353,1.647058824,3.647058824,1.907801322,0.48507125,1.928882639,1.693412844,1.578811914,Visual,0.36809816,
249,defeat,1,2.588235294,0.058823529,1,0.294117647,3.411764706,1.769845457,0.242535625,1.322875656,0.771743633,1.583462327,Visual,0.456,
250,delight,1,3.352941176,1.823529412,1.941176471,1.470588235,3.411764706,1.617914416,2.038237416,1.951620744,1.73629084,1.543487266,Visual,0.161764706,
251,depression,1,2.764705882,0,0.882352941,0.176470588,2.941176471,2.016476251,0,1.409004655,0.727606875,1.748949264,Visual,0.434782609,
252,desk,1,1.352941176,0,3.941176471,0.529411765,4.411764706,1.32009358,0,1.144038255,0.874474632,0.870260272,Visual,0.431034483,
253,device,0.941176471,2.588235294,0.0625,3.470588235,0.411764706,4.176470588,1.543487266,0.25,1.419403354,0.795206226,1.236693885,Visual,0.384140062,
254,die,1,2.117647059,0.470588235,1.294117647,1.117647059,3.235294118,1.932690901,1.374665735,1.928882639,1.653872461,1.521898969,Visual,0.335714286,
255,disease,1,2.470588235,0.882352941,2.235294118,1.823529412,3.411764706,2.034626718,1.691240408,2.305683515,1.845104811,1.769845457,Visual,0.233695652,
256,distance,0.941176471,2.3125,0.0625,1.9375,0.375,4.823529412,1.815443013,0.25,1.730847577,0.806225775,0.392952624,Visual,0.500579822,
257,down,0.941176471,1.1875,0,1.5,0.0625,3.1875,1.600781059,0,1.712697677,0.25,2.007278423,Visual,0.536842105,
258,dust,1,0,0.705882353,2.764705882,1.294117647,4.176470588,0,1.159994929,1.480262298,1.212678125,1.074435556,Visual,0.467105263,
259,ease,0.941176471,1.875,0,1.6875,0.0625,2.5,1.586400538,0,1.537042615,0.25,1.549193338,Visual,0.408163265,
260,east,0.941176471,0.75,0.125,0.375,0.1875,2.8125,1.570562532,0.5,1.024695077,0.543905629,1.939716474,Visual,0.632352941,
261,effect,1,2.647058824,1.294117647,1.823529412,1.176470588,3.117647059,1.835114999,1.686887144,1.91165158,1.629236559,1.798692335,Visual,0.192982456,
262,effort,0.941176471,2.117647059,0.125,0.9375,0.5,3.176470588,1.763602596,0.5,1.52616076,0.894427191,1.845104811,Visual,0.445040214,
263,emergency,1,3.764705882,0.058823529,1.647058824,1,4,1.480262298,0.242535625,1.538716042,1.414213562,1.414213562,Visual,0.376404494,
264,engagement,1,2.588235294,0.058823529,1.764705882,0.058823529,3.235294118,1.73417212,0.242535625,1.601928984,0.242535625,1.95350364,Visual,0.41221374,
265,estate,1,1.529411765,0.058823529,1.176470588,0.882352941,4.176470588,1.699913493,0.242535625,1.467791458,1.053704948,1.333945938,Visual,0.526315789,
266,factor,0.941176471,1.3125,0.375,0.3125,0.0625,1.875,1.621470526,1.024695077,0.793200269,0.25,1.857417562,Visual,0.46031746,
267,fair,0.941176471,1.5625,0.0625,1.058823529,0.25,2.875,1.965324401,0.25,1.477776549,0.683130051,1.62788206,Visual,0.484177215,
268,farm,0.941176471,3.3125,0.5,2.75,3.9375,4.235294118,1.400892573,0.730296743,1.61245155,1.289379696,1.30045241,Visual,0.253493014,
269,feet,0.941176471,2.0625,0.1875,3.5,3.125,4.5,1.842778699,0.75,1.825741858,1.543804824,0.894427191,Visual,0.322429907,
270,fell,1,2.529411765,0,3.117647059,0.235294118,3.705882353,1.771921523,0,1.833110503,0.752446989,0.985184366,Visual,0.386503067,
271,felt,0.941176471,0.705882353,0.25,4.235294118,0.470588235,2.823529412,1.212678125,1,1.521898969,1.178857872,2.068673915,Haptic,0.469670711,
272,fence,0.941176471,0.375,0,3.764705882,0.125,4.705882353,1.024695077,0,1.30045241,0.5,0.587867532,Visual,0.524590164,
273,fine,1,1.705882353,0.529411765,2,0.352941176,3.823529412,1.649420576,0.943242218,2.061552813,0.785905248,1.380004263,Visual,0.412587413,
274,firm,1,1.176470588,0.941176471,4.058823529,0.117647059,3.117647059,1.42457424,1.390619836,1.675954513,0.332105582,1.615640467,Haptic,0.41875,
275,fog,1,0.176470588,0.117647059,1.117647059,0.823529412,4.764705882,0.727606875,0.332105582,1.409004655,0.95100566,0.562295715,Visual,0.663865546,
276,foot,1,1.294117647,0.058823529,3.941176471,2.823529412,4.411764706,1.159994929,0.242535625,1.344925102,1.550616576,0.71228712,Visual,0.34741784,
277,fortune,1,2.235294118,0.117647059,1,0.176470588,2.882352941,1.92124347,0.48507125,1.541103501,0.392952624,1.932690901,Visual,0.431192661,
278,giant,0.941176471,2.294117647,0,2.411764706,0.647058824,4.117647059,2.054407028,0,2.001837391,1.32009358,1.833110503,Visual,0.434782609,
279,god,1,1.823529412,0.411764706,0.411764706,0.411764706,1.176470588,1.667156791,1.277635684,1.277635684,1.277635684,1.845104811,Auditory,0.333333333,
280,grace,0.941176471,2.5,0.125,0.8125,0.375,3.125,1.632993162,0.5,1.558578412,0.718795288,1.995828984,Visual,0.432432432,
281,gun,1,4.058823529,0.352941176,3.117647059,1.294117647,4.176470588,1.519481336,0.996316746,2.027386031,1.358524286,1.42457424,Visual,0.294117647,
282,harm,1,2.882352941,0.352941176,2.764705882,0.470588235,3.647058824,1.866894244,0.70188821,1.640480561,0.943242218,1.45521375,Visual,0.325581395,
283,harmony,1,4.411764706,0.823529412,1.411764706,0.882352941,2.941176471,1.003669737,1.467791458,1.804813825,1.409004655,1.853057886,Auditory,0.342696629,
284,hate,1,3.058823529,0.529411765,1.058823529,0.588235294,2.941176471,1.819017188,1.374665735,1.390619836,1.371988681,1.784327192,Auditory,0.309352518,
285,hell,1,2.470588235,0.235294118,1.058823529,0.705882353,1.235294118,1.841115391,0.752446989,1.853057886,1.358524286,1.786386428,Auditory,0.391752577,
286,help,1,3.764705882,0,2.411764706,0.294117647,3.647058824,1.091410313,0,1.697749375,0.848874688,1.32009358,Auditory,0.372093023,
287,hen,1,3.529411765,1.117647059,2.352941176,1.470588235,3.823529412,1.462773353,1.615640467,1.497547014,1.58578242,1.467791458,Visual,0.220095694,
288,hold,1,0.294117647,0.117647059,4.352941176,0.352941176,3.058823529,0.771743633,0.48507125,1.411611511,0.70188821,1.919328927,Haptic,0.517985612,
289,household,1,3.058823529,1.058823529,2.823529412,2.588235294,4.058823529,1.434860108,1.748949264,1.776066374,1.66052791,0.96634545,Visual,0.220779221,
290,hurt,1,2.470588235,0.411764706,3.117647059,0.352941176,3.529411765,2.034626718,0.71228712,2.204607475,0.70188821,1.699913493,Visual,0.321428571,
291,ideal,1,2.705882353,1.588235294,1.176470588,1.294117647,2.941176471,1.896203638,1.839117435,1.590412451,1.611082939,1.853057886,Visual,0.181818182,
292,imagination,0.941176471,2.8125,1.058823529,1,1.058823529,3.117647059,1.973786547,1.638237934,1.17260394,1.675954513,1.798692335,Visual,0.234051199,
293,information,0.941176471,4.529411765,1,1.882352941,1.25,4.294117647,0.874474632,1.802775638,1.996320144,1.879716291,1.104802351,Auditory,0.272417707,
294,intention,0.941176471,2.9375,0,0.5,0,2.9375,1.768945072,0,0.966091783,0,1.730847577,Visual,0.460784314,
295,invention,0.941176471,2.764705882,0.875,2.125,1.375,3.6875,1.92124347,1.62788206,1.927865832,1.62788206,1.621470526,Visual,0.259762309,
296,investigation,1,2.764705882,0.176470588,1.235294118,0.588235294,3.647058824,1.601928984,0.52859414,1.751050105,1.121317502,1.411611511,Visual,0.412587413,
297,item,0.941176471,2.75,2.6875,4.0625,2.9375,4.058823529,1.914854216,2.023816527,1.340087062,1.948289848,1.29762226,Haptic,0.083351906,
298,job,1,3,0.352941176,1.705882353,1.058823529,3.588235294,1.870828693,1.221739358,1.829094922,1.434860108,1.416810835,Visual,0.333333333,
299,kid,0.941176471,4.0625,0,2,1.1875,4.411764706,1.236594787,0,1.788854382,1.424488212,0.618346942,Visual,0.378310214,
300,kingdom,0.941176471,2.0625,0.3125,1.25,0.6875,3.3125,1.569235483,0.704154339,1.570562532,1.138346754,1.621470526,Visual,0.393442623,
301,knowledge,1,3.764705882,0.352941176,0.470588235,0.352941176,2.529411765,1.888432279,0.861769725,0.799816155,0.861769725,1.73629084,Auditory,0.456692913,
302,lady,1,3.941176471,0.588235294,3.470588235,2.470588235,4.705882353,1.675954513,1.371988681,1.62471717,1.58578242,0.587867532,Visual,0.271317829,
303,landscape,1,1.294117647,0,1.352941176,1.235294118,4.705882353,1.263165957,0,1.617914416,1.480262298,0.771743633,Visual,0.547945205,
304,laughter,1,4.882352941,0,0.941176471,0,4.117647059,0.48507125,0,1.197423705,0,0.992619825,Auditory,0.49112426,
305,lead,0.941176471,1.75,0.5625,2.5625,0.75,3.647058824,1.770122406,1.364734406,2.096624271,1.437590577,1.656093916,Visual,0.332672482,
306,leg,1,0.647058824,0.470588235,4.647058824,0.294117647,4.705882353,1.05718828,1.007326105,0.861769725,0.587867532,0.469668218,Visual,0.409836066,
307,level,0.941176471,1.588235294,0.352941176,1.625,0.176470588,3.235294118,1.325651893,0.861769725,1.5,0.52859414,1.393261092,Visual,0.438356164,
308,liberty,1,2.294117647,0.117647059,0.705882353,0.176470588,2.705882353,2.023755972,0.48507125,1.403776419,0.727606875,1.794599742,Visual,0.431372549,
309,library,1,2.941176471,0.529411765,2.647058824,1.411764706,4.529411765,1.144038255,1.374665735,1.693412844,1.325651893,0.624264273,Visual,0.331707317,
310,lift,1,2.588235294,0,3.529411765,0.470588235,4.235294118,1.697749375,0,1.62471717,0.717430054,0.903424856,Visual,0.391304348,
311,liquid,0.941176471,2.823529412,4.235294118,4.176470588,2.9375,4.588235294,1.590412451,0.903424856,0.882843001,1.730847577,0.618346942,Visual,0.094062316,
312,magic,1,1.941176471,0.176470588,0.823529412,0.294117647,3.764705882,1.748949264,0.52859414,1.074435556,0.685994341,1.640480561,Visual,0.512605042,
313,main,0.941176471,1.352941176,0.529411765,0.941176471,0.3125,2.352941176,1.497547014,1.124591429,1.560071642,0.602079729,1.93459222,Visual,0.371734762,
314,majority,1,2.941176471,0,0.882352941,0.117647059,4,1.886484437,0,1.615640467,0.48507125,1,Visual,0.503703704,
315,mass,1,1.647058824,0.058823529,3.470588235,0.352941176,4.294117647,1.729926894,0.242535625,1.662740474,0.861769725,0.985184366,Visual,0.431137725,
316,measure,1,1.352941176,1.058823529,3,0.705882353,3.882352941,1.765686002,1.519481336,1.457737974,1.104802351,1.72780037,Visual,0.317647059,
317,meeting,1,3.588235294,0.235294118,1.352941176,0.411764706,4.235294118,1.622452755,0.562295715,1.656093916,0.795206226,1.091410313,Visual,0.407185629,
318,moment,0.882352941,2.625,0.4375,1.2,0.875,3.125,1.892969449,0.892094913,1.740279124,1.454876856,1.892969449,Visual,0.32526475,
319,music,1,4.941176471,0,1.235294118,0.058823529,2.235294118,0.242535625,0,1.678146737,0.242535625,1.251469724,Auditory,0.583333333,
320,myth,0.941176471,4.058823529,0,0.25,0,1.235294118,1.088036548,0,0.774596669,0,1.480262298,Auditory,0.732095491,
321,nose,1,1.235294118,0.588235294,3.764705882,2.882352941,4.470588235,1.437420075,1.121317502,1.437420075,2.28807651,0.799816155,Visual,0.3,
322,note,0.941176471,2.176470588,0,2.764705882,0,4.294117647,2.068673915,0,1.786386428,0,1.159994929,Visual,0.464968153,
323,object,1,2.941176471,2.411764706,4.294117647,2.647058824,4.529411765,1.951620744,2.063335392,0.919558718,1.93459222,0.799816155,Visual,0.125874126,
324,opening,1,2.058823529,0.058823529,3.411764706,0.352941176,4.411764706,1.675954513,0.242535625,1.371988681,1.221739358,0.71228712,Visual,0.422857143,
325,opportunity,1,3.588235294,0.411764706,1.705882353,0.470588235,4.235294118,1.583462327,0.870260272,1.686887144,0.874474632,1.251469724,Visual,0.367231638,
326,opposition,1,3.058823529,0,1.352941176,0.411764706,3.823529412,1.638237934,0,1.45521375,1.003669737,1.131110854,Visual,0.442176871,
327,origin,1,2.058823529,0.352941176,0.411764706,0.647058824,2.470588235,1.599632311,0.996316746,1.064120736,1.221739358,1.58578242,Visual,0.356435644,
328,owner,1,2.470588235,0,1.352941176,0.647058824,3.882352941,1.940285,0,1.656093916,1.169464432,1.218726433,Visual,0.464788732,
329,paint,1,0.470588235,0.470588235,2.823529412,3.882352941,4.588235294,1.067570083,1.280510009,1.333945938,1.363925994,0.71228712,Visual,0.336538462,
330,pair,1,1.588235294,0.176470588,2.235294118,0.058823529,4.235294118,1.769845457,0.52859414,1.601928984,0.242535625,1.251469724,Visual,0.503546099,
331,paper,0.941176471,1.5625,0.5625,4,1.5625,4.411764706,1.364734406,1.412739655,1.17260394,1.504160896,0.939336437,Visual,0.318140383,
332,pat,1,2.117647059,0.117647059,4.294117647,0.058823529,3.058823529,1.72780037,0.48507125,0.848874688,0.242535625,1.853057886,Haptic,0.43902439,
333,philosophy,1,3.411764706,0,0.235294118,0.058823529,1.647058824,1.73417212,0,0.562295715,0.242535625,1.656093916,Auditory,0.637362637,
334,piece,0.941176471,1.125,1.6875,3,0.9375,3.9375,1.310216267,1.956825661,1.460593487,1.569235483,1.062622542,Visual,0.280701754,
335,plan,0.941176471,3.647058824,0.1875,1.058823529,0.117647059,3.411764706,1.578811914,0.543905629,1.29762226,0.332105582,1.460257834,Auditory,0.419030991,
336,plane,1,4.294117647,0.411764706,2.529411765,0.941176471,4.529411765,0.771743633,1.064120736,2.003673098,1.088036548,0.717430054,Visual,0.324074074,
337,platform,0.941176471,1.058823529,0,2.058823529,0.25,4.176470588,1.248528546,0,1.853057886,0.447213595,0.95100566,Visual,0.553606238,
338,poet,1,3.764705882,0,0.764705882,0.411764706,3.058823529,1.786386428,0,1.347655917,1.064120736,1.599632311,Auditory,0.470588235,
339,poetry,1,4.352941176,0.058823529,0.588235294,0.117647059,3.058823529,0.785905248,0.242535625,0.939336437,0.332105582,1.819017188,Auditory,0.525179856,
340,president,1,3.411764706,0,0.647058824,0.352941176,3.764705882,2.001837391,0,1.411611511,0.861769725,1.678146737,Visual,0.460431655,
341,pressure,1,2.764705882,0.058823529,2.705882353,0.058823529,3.294117647,1.714985851,0.242535625,2.054407028,0.242535625,1.649420576,Visual,0.364238411,
342,pride,1,2.882352941,0.058823529,0.705882353,0.117647059,3.235294118,2.027386031,0.242535625,1.311711948,0.48507125,1.30045241,Visual,0.453781513,
343,prince,1,3,0,1,0.529411765,3.764705882,2.031009601,0,1.767766953,1.23073388,1.751050105,Visual,0.453900709,
344,problem,0.941176471,3.529411765,0.294117647,1.375,0.588235294,3.411764706,1.699913493,0.848874688,1.707825128,1.416810835,1.502448981,Auditory,0.351718625,
345,promotion,1,3.411764706,0.235294118,0.882352941,0.235294118,3,1.416810835,0.752446989,1.317305628,0.752446989,1.802775638,Auditory,0.409090909,
346,proof,1,3.352941176,1.117647059,2.058823529,1.352941176,3.882352941,1.868862504,1.798692335,2.075770587,1.966633433,1.653872461,Visual,0.235,
347,provision,0.941176471,0.9375,0.75,1,0.5,2.352941176,1.569235483,1.183215957,1.505545305,1.211060142,1.656093916,Visual,0.334439283,
348,public,1,3.823529412,0,2.058823529,1.117647059,4.470588235,1.236693885,0,1.886484437,1.053704948,1.178857872,Visual,0.38974359,
349,pupil,0.941176471,2,0.058823529,1.294117647,0.647058824,3.529411765,1.897366596,0.242535625,1.686887144,1.221739358,1.178857872,Visual,0.4609375,
350,purpose,0.882352941,2.5625,0.066666667,1.0625,0.25,2.4375,1.787689384,0.25819889,1.340087062,0.577350269,2.096624271,Auditory,0.391247551,
351,quantity,1,2,0.411764706,3,0.352941176,4.411764706,1.732050808,1.064120736,1.695582496,0.785905248,1.121317502,Visual,0.398843931,
352,quarrel,1,4.647058824,0,0.705882353,0,3.941176471,0.70188821,0,1.104802351,0,1.29762226,Auditory,0.5,
353,question,1,4.705882353,0,0.117647059,0,2.705882353,0.685994341,0,0.48507125,0,1.992633492,Auditory,0.625,
354,quick,1,2.294117647,0.058823529,1.705882353,0.235294118,3.882352941,1.862951485,0.242535625,1.794599742,0.562295715,1.763602596,Visual,0.467625899,
355,race,1,2.588235294,0.058823529,1.647058824,0.235294118,4.588235294,1.938389265,0.242535625,1.966633433,0.562295715,0.870260272,Visual,0.496774194,
356,recall,0.941176471,2.941176471,1.5625,1.764705882,2,3.117647059,1.712840778,1.67207456,1.786386428,1.903943276,1.900077398,Visual,0.136583791,
357,recognition,0.941176471,3.9375,1.9375,2.625,2.5,4.235294118,1.123610253,1.806239187,1.892969449,2.160246899,1.200490096,Visual,0.150820463,
358,reduction,1,2.058823529,0.764705882,1.764705882,0.647058824,3.529411765,1.784327192,1.200490096,2.016476251,0.996316746,1.504893977,Visual,0.32885906,
359,rent,1,1.764705882,0,1.176470588,0,2.941176471,2.047236301,0,1.550616576,0,1.599632311,Visual,0.5,
360,requirement,0.882352941,2.625,0.75,0.8125,0.6,3.3125,1.62788206,1.483239697,1.424488212,1.055597326,1.537042615,Visual,0.334876543,
361,resistance,0.941176471,2.3125,0.125,2.8125,0.3125,3.625,1.778341924,0.341565026,1.905037182,0.704154339,1.360147051,Visual,0.380952381,
362,rifle,0.941176471,4.125,0.125,3.25,1.375,4,0.885061203,0.341565026,1.61245155,1.360147051,1.154700538,Auditory,0.310679612,
363,rock,1,1.647058824,0.058823529,4.176470588,0.294117647,4.352941176,1.411611511,0.242535625,0.882843001,0.587867532,0.785905248,Visual,0.407821229,
364,safety,1,2.117647059,0.058823529,2.588235294,0.294117647,3.529411765,1.691240408,0.242535625,1.73417212,0.469668218,1.328422328,Visual,0.404109589,
365,satisfaction,1,3.176470588,2.294117647,2.588235294,1.647058824,3.705882353,1.740520544,1.896203638,1.73417212,1.617914416,1.611082939,Visual,0.153508772,
366,sea,1,4.058823529,2.882352941,3.705882353,3.411764706,4.764705882,0.96634545,1.833110503,1.263165957,1.543487266,0.562295715,Visual,0.1,
367,selection,0.941176471,2.3125,1.1875,1.75,1.5625,2.9375,1.662077014,1.376892637,1.527525232,1.787689384,1.691892432,Visual,0.179487179,
368,shirt,1,0.176470588,0,4.235294118,1.882352941,4.470588235,0.392952624,0,0.831370237,1.363925994,0.717430054,Visual,0.415300546,
369,shock,1,3.882352941,0.529411765,2.235294118,0.352941176,4.235294118,1.495090003,1.328422328,2.077540967,1.05718828,1.30045241,Visual,0.345549738,
370,sight,1,0.470588235,0.117647059,0.411764706,0.117647059,5,0.874474632,0.48507125,0.870260272,0.48507125,0,Visual,0.798076923,
371,sister,0.941176471,3.625,0.176470588,2.529411765,2.176470588,3.529411765,1.821171784,0.727606875,1.972233729,1.944070926,1.907801322,Auditory,0.286499695,
372,situation,1,3.176470588,0.647058824,2.058823529,1.294117647,3.941176471,2.038237416,1.221739358,1.951620744,1.759428383,1.434860108,Visual,0.296296296,
373,skirt,1,0.705882353,0,3.764705882,0.529411765,4.882352941,1.159994929,0,1.480262298,0.943242218,0.332105582,Visual,0.494047619,
374,sound,0.941176471,5,0,0.588235294,0.0625,0.764705882,0,0,1.064120736,0.25,1.032558217,Auditory,0.779369628,
375,spite,0.941176471,2.875,0,0.375,0,2.3125,1.74642492,0,0.806225775,0,1.851800925,Auditory,0.516853933,
376,strain,1,2.117647059,0.235294118,3.235294118,0.529411765,3,1.615640467,0.562295715,1.821037196,0.943242218,1.118033989,Haptic,0.329032258,
377,success,1,3.117647059,0.647058824,1.470588235,0.235294118,3.705882353,1.763602596,1.114740803,1.73629084,0.9701425,1.311711948,Visual,0.378205128,
378,supper,1,1.705882353,4.882352941,2.764705882,4.058823529,4.352941176,1.490163828,0.48507125,1.985239651,1.434860108,0.785905248,Gustatory,0.178807947,
379,supply,0.941176471,1.125,0.352941176,1.411764706,0.647058824,3,1.360147051,0.70188821,1.371988681,0.861769725,1.695582496,Visual,0.404949381,
380,suspicion,1,2.705882353,0.176470588,1.117647059,0.352941176,3.176470588,1.829094922,0.392952624,1.218726433,0.492592183,1.550616576,Visual,0.3984375,
381,taste,0.941176471,0.235294118,5,1.647058824,2.352941176,1.25,0.562295715,0,1.617914416,1.729926894,1.61245155,Gustatory,0.454417952,
382,tax,1,1.411764706,0,0.882352941,0,3.529411765,1.697749375,0,1.615640467,0,1.374665735,Visual,0.606060606,
383,team,0.941176471,3.8125,0.0625,1.9375,0.75,4.1875,1.276388133,0.25,1.768945072,1.290994449,1.108677891,Visual,0.38372093,
384,throw,1,1.470588235,0,3.176470588,0,4.176470588,1.545867356,0,1.810914621,0,0.882843001,Visual,0.473333333,
385,treat,1,1.588235294,3.470588235,2.705882353,1.882352941,3.117647059,1.73417212,1.73629084,1.896203638,1.798692335,1.72780037,Gustatory,0.147465438,
386,trial,1,2.411764706,0.352941176,0.705882353,0.294117647,2.882352941,1.73417212,1.221739358,1.358524286,0.985184366,1.452685141,Visual,0.389380531,
387,trust,1,3.352941176,0.117647059,1.588235294,0.058823529,3.294117647,1.998160919,0.48507125,1.872792819,0.242535625,1.928882639,Auditory,0.391608392,
388,turn,1,1.941176471,0,1.823529412,0.176470588,3.882352941,1.712840778,0,1.667156791,0.392952624,1.268973647,Visual,0.496240602,
389,type,1,2.411764706,1.647058824,2.705882353,1.588235294,3.294117647,1.938389265,1.765686002,1.72353945,1.697749375,1.829094922,Visual,0.146464646,
390,under,0.941176471,1.1875,0,2.705882353,0.117647059,4.235294118,1.470544117,0,1.829094922,0.332105582,1.251469724,Visual,0.51359786,
391,unit,0.882352941,1.5,0.375,1.866666667,0.375,3.0625,1.788854382,0.718795288,1.505545305,1.087811258,1.388944443,Visual,0.374347069,
392,value,1,2.705882353,0.647058824,1.882352941,0.529411765,3.411764706,1.649420576,1.169464432,1.691240408,1.124591429,1.325651893,Visual,0.314102564,
393,volume,1,4.352941176,0.235294118,1.117647059,0.176470588,1.647058824,1.538716042,0.752446989,1.452685141,0.727606875,1.765686002,Auditory,0.5546875,
394,vote,1,2.352941176,0,1.705882353,0,3.176470588,1.800735144,0,1.862951485,0,1.550616576,Visual,0.43902439,
395,wage,0.941176471,0.3125,0,2.705882353,0.117647059,3.588235294,0.87321246,0,1.896203638,0.332105582,1.839117435,Visual,0.533624932,
396,weather,1,3.176470588,0.235294118,3,1.764705882,4.764705882,1.740520544,0.752446989,2,1.480262298,0.437237316,Visual,0.35,
397,welcome,0.941176471,3.941176471,0.5625,2.125,0.5625,3.941176471,1.144038255,1.093541647,1.62788206,1.030776406,0.96634545,Auditory,0.303500661,
398,work,0.941176471,2.470588235,0.6875,2.294117647,0.882352941,3.588235294,1.699913493,1.537042615,1.611082939,1.495090003,1.460257834,Visual,0.292330493,
399,writing,0.941176471,1.058823529,0,2,0.0625,4.588235294,1.434860108,0,1.903943276,0.25,0.870260272,Visual,0.595135908,
400,zero,0.941176471,1.3125,0.0625,0.5625,0.1875,2.75,1.851800925,0.25,1.093541647,0.543905629,2.29492193,Visual,0.551282051,