Item#,Property,Familiarity,VisualStrengthMean,HapticStrengthMean,AuditoryStrengthMean,OlfactoryStrengthMean,GustatoryStrengthMean,VisualStrengthSD,HapticStrengthSD,AuditoryStrengthSD,OlfactoryStrengthSD,GustatoryStrengthSD,DominantModality,ModalityExclusivity,BNCFrequency,BNCLogFrequency,OrthographicLength
1,abrasive,0.904761905,2.894736842,3.684210526,1.684210526,0.578947368,0.578947368,1.100239208,1.335524515,1.335524515,0.901590537,0.901590537,Haptic,0.329608939,2,1.098612289,8
2,absorbent,1,4.142857143,3.142857143,0.714285714,0.476190476,0.476190476,1.108409414,1.590148241,1.055597326,0.980767435,0.980767435,Visual,0.409574468,1,0.693147181,9
3,aching,1,2.047619048,3.666666667,0.666666667,0.095238095,0.047619048,1.465475707,1.712697677,1.197219,0.43643578,0.21821789,Haptic,0.554744526,5,1.791759469,6
4,acidic,1,2.19047619,1.142857143,0.476190476,2.904761905,4.19047619,1.749829924,1.768776817,0.872871561,1.578124263,1.249761882,Gustatory,0.340611354,2,1.098612289,6
5,acrid,0.380952381,1.125,0.625,0.375,3.5,3,1.552647509,1.407885953,1.060660172,1.690308509,1.690308509,Olfactory,0.362318841,1,0.693147181,5
6,adhesive,1,3.666666667,4.333333333,1.19047619,1.761904762,0.904761905,1.316561177,0.966091783,1.66189794,1.609495632,1.410842369,Haptic,0.289156627,3,1.386294361,8
7,alcoholic,0.952380952,2.85,0.35,0.75,4.3,4.35,1.755442664,0.812727701,1.164157703,0.801314709,1.386969434,Gustatory,0.317460317,8,2.197224577,9
8,alive,1,4.571428571,3.80952381,4.095238095,2.380952381,1.571428571,0.746420027,1.470341716,1.48002574,2.01186954,2.15804144,Visual,0.182608696,43,3.784189634,5
9,amber,1,4.476190476,0.523809524,0.142857143,0.857142857,0.571428571,1.123345344,0.980767435,0.358568583,1.492840055,1.39897922,Visual,0.65942029,5,1.791759469,5
10,angular,1,4.285714286,4.095238095,0.25,0.047619048,0.047619048,1.23056317,1.220850601,0.716350399,0.21821789,0.21821789,Visual,0.485675307,4,1.609437912,7
11,antiseptic,1,1.666666667,0.9,0.142857143,3.952380952,1.761904762,1.390443574,1.333771858,0.478091444,1.321975434,1.921061215,Olfactory,0.4522329,1,0.693147181,10
12,aromatic,1,1.3,0.333333333,0.285714286,4.523809524,3.380952381,1.260743306,0.912870929,0.717137166,1.167006753,1.532194194,Olfactory,0.431410567,3,1.386294361,8
13,astringent,0.380952381,1.625,0.5,0.375,1.25,1.75,1.505940617,1.069044968,0.744023809,1.832250763,2.434865793,Gustatory,0.25,0,0,10
14,audible,1,1.142857143,0.285714286,4.952380952,0.047619048,0.047619048,1.31475147,0.560611911,0.21821789,0.21821789,0.21821789,Auditory,0.757352941,3,1.386294361,7
15,banging,1,3.047619048,1.333333333,4.523809524,0.047619048,0,1.687488977,1.238278375,0.74960307,0.21821789,0,Auditory,0.505319149,5,1.791759469,7
16,barbecued,1,4.619047619,1.380952381,1.571428571,4.666666667,4.952380952,0.74001287,1.465475707,1.630074494,0.483045892,0.21821789,Gustatory,0.207756233,0,0,9
17,barking,1,3.380952381,0.476190476,5,0.523809524,0.142857143,1.564486832,1.030487633,0,1.209092537,0.478091444,Auditory,0.51,4,1.609437912,7
18,beautiful,1,4.619047619,2.761904762,2.904761905,2.80952381,2.80952381,0.804747816,1.946914531,1.841324575,2.08851736,2.064438123,Visual,0.116766467,87,4.477336814,9
19,beeping,1,1.428571429,0.142857143,4.857142857,0.047619048,0,1.362770288,0.478091444,0.654653671,0.21821789,0,Auditory,0.75,0,0,7
20,beery,0.904761905,3.157894737,0.894736842,0.631578947,3.526315789,4.263157895,1.772103518,1.196974744,1.116070802,1.263523339,1.097578408,Gustatory,0.291139241,0,0,5
21,beige,1,4.476190476,0.095238095,0.095238095,0.095238095,0.047619048,1.123345344,0.43643578,0.43643578,0.43643578,0.21821789,Visual,0.920792079,2,1.098612289,5
22,bent,1,4.619047619,4.095238095,0,0,0.047619048,0.669043382,1.04425868,0,0,0.21821789,Visual,0.527173913,23,3.17805383,4
23,big,1,4.857142857,4.380952381,1.714285714,0.428571429,0.857142857,0.358568583,0.74001287,1.677583296,1.164964745,1.590148241,Visual,0.361867704,255,5.545177444,3
24,biscuity,1,3.476190476,2.238095238,0.904761905,3,4.952380952,1.470341716,1.410842369,1.179184545,1.643167673,0.21821789,Gustatory,0.277777778,0,0,8
25,bitter,1,0.857142857,0.095238095,0.19047619,2.904761905,4.904761905,1.062342425,0.43643578,0.601585208,1.578124263,0.300792604,Gustatory,0.537234043,25,3.258096538,6
26,black,1,4.571428571,0.095238095,0.142857143,0.142857143,0.095238095,0.978336781,0.300792604,0.478091444,0.478091444,0.300792604,Visual,0.886792453,238,5.476463552,5
27,bland,1,2.095238095,0.428571429,0.80952381,3.619047619,4.80952381,1.786190413,0.9258201,1.569045813,1.321975434,0.511766316,Gustatory,0.372469636,4,1.609437912,5
28,blaring,0.952380952,1.3,0.45,4.5,0.2,0.2,1.218281793,0.825577947,0.888523317,0.695852374,0.695852374,Auditory,0.646616541,1,0.693147181,7
29,bleeping,1,1.666666667,0.19047619,4.952380952,0.142857143,0.095238095,1.653279569,0.511766316,0.21821789,0.654653671,0.43643578,Auditory,0.689189189,0,0,8
30,blonde,1,4.80952381,0.047619048,0.19047619,0.142857143,0.047619048,0.872871561,0.21821789,0.511766316,0.478091444,0.21821789,Visual,0.909090909,11,2.48490665,6
31,bloody,1,4.714285714,1.857142857,0.7,1.142857143,1.285714286,0.783763813,1.590148241,1.128576187,1.458962449,1.82051798,Visual,0.413843888,72,4.290459441,6
32,blotchy,1,4.619047619,1.666666667,0.428571429,0.238095238,0.380952381,0.804747816,1.798147195,0.9258201,0.889087279,1.07126983,Visual,0.597402597,0,0,7
33,blue,1,4.761904762,0.238095238,0.761904762,0.19047619,0,0.538958431,0.624880941,1.220850601,0.511766316,0,Visual,0.8,104,4.65396035,4
34,blunt,1,4.571428571,4.714285714,0.904761905,0.19047619,0.25,0.507092553,0.643650304,1.261140829,0.872871561,0.550119604,Haptic,0.425531915,5,1.791759469,5
35,boiling,1,4.428571429,4.047619048,2.761904762,1,2.095238095,0.746420027,1.4309504,2.095346318,1.549193338,2.165750722,Visual,0.239202658,9,2.302585093,7
36,booming,1,2.095238095,0.952380952,4.571428571,0.095238095,0.095238095,1.670471847,1.203170415,0.810643483,0.300792604,0.43643578,Auditory,0.573170732,3,1.386294361,7
37,bouncy,1,3.571428571,3.666666667,2,0,0,1.207121724,1.559914528,1.61245155,0,0,Haptic,0.396907216,1,0.693147181,6
38,brackish,0.095238095,2,3,1.5,2,1.5,1.414213562,1.414213562,2.121320344,2.828427125,2.121320344,Haptic,0.15,1,0.693147181,8
39,branching,0.952380952,4.1,2.45,1.2,0.1,0.05,0.967906042,1.571958216,1.673320053,0.307793506,0.223606798,Visual,0.512658228,3,1.386294361,9
40,breakable,1,4.285714286,4.238095238,2.095238095,0.095238095,0.095238095,0.902377811,0.889087279,1.757975026,0.300792604,0.300792604,Visual,0.387665198,0,0,9
41,breezy,1,3,2.761904762,2.952380952,0.571428571,0.047619048,1.341640786,1.786190413,1.359271514,1.325572653,0.21821789,Visual,0.316326531,1,0.693147181,6
42,bright,1,5,0.19047619,0.142857143,0.095238095,0.047619048,0,0.679635757,0.478091444,0.43643578,0.21821789,Visual,0.904347826,54,4.007333185,6
43,brilliant,1,3.952380952,2.19047619,3,2.095238095,2.523809524,1.283596139,2.271982562,1.870828693,2.071346468,2.112322126,Visual,0.134948097,35,3.583518938,9
44,briny,0.619047619,2.153846154,1.538461538,0.846153846,2.153846154,3.230769231,1.863963244,1.71344607,1.28102523,1.908147175,1.921537846,Gustatory,0.240310078,0,0,5
45,bristly,0.952380952,4.3,4.65,1.95,0.2,1.05,0.864504726,1.136708082,1.503504678,0.695852374,1.468081455,Haptic,0.366255144,0,0,7
46,brittle,1,3.428571429,3.952380952,1.523809524,0.047619048,0.380952381,1.121223821,1.160869953,1.400680107,0.21821789,0.973457265,Haptic,0.418367347,5,1.791759469,7
47,broad,0.952380952,4.047619048,3.095238095,0.952380952,0.285714286,0.19047619,1.359271514,1.786190413,1.627150592,0.643650304,0.511766316,Visual,0.45,49,3.912023005,5
48,broken,1,4.857142857,4.333333333,3.19047619,0.476190476,0.476190476,0.358568583,1.016530045,1.600595127,1.249761882,1.289148852,Visual,0.328571429,72,4.290459441,6
49,bronze,0.952380952,4.333333333,0.80952381,0.142857143,0.619047619,0.285714286,1.390443574,1.167006753,0.654653671,1.244033379,0.783763813,Visual,0.676923077,15,2.772588722,6
50,brown,1,4.714285714,0.19047619,0.095238095,0.238095238,0.333333333,1.10194633,0.511766316,0.43643578,0.624880941,0.856348839,Visual,0.829059829,48,3.891820298,5
51,brunette,0.952380952,4.8,0,0.1,0,0,0.894427191,0,0.307793506,0,0,Visual,0.979591837,1,0.693147181,8
52,bulky,1,4.428571429,3.761904762,0.571428571,0.095238095,0.333333333,0.810643483,1.374945886,1.207121724,0.43643578,0.795822426,Visual,0.471502591,3,1.386294361,5
53,bumpy,1,4.095238095,4.476190476,1.238095238,0.047619048,0.65,1.04425868,0.813575296,1.445847914,0.21821789,1.182103388,Haptic,0.421481985,2,1.098612289,5
54,burning,1,4.047619048,3.619047619,1.714285714,4.428571429,2.523809524,1.07126983,1.657594356,1.707127914,0.978336781,2.015416771,Olfactory,0.166180758,28,3.36729583,7
55,burnt,1,4.19047619,2.380952381,0.476190476,4.571428571,4.047619048,0.980767435,1.745743122,1.123345344,0.597614305,0.920662287,Olfactory,0.261398176,13,2.63905733,5
56,bursting,1,4.238095238,3.238095238,2.761904762,1,1.19047619,1.04425868,1.670471847,1.813966976,1.549193338,1.778174559,Visual,0.260536398,5,1.791759469,8
57,buttery,1,3.095238095,1.80952381,0.095238095,3.19047619,4.904761905,1.135991281,1.327367606,0.300792604,1.123345344,0.300792604,Gustatory,0.367272727,0,0,7
58,buzzing,1,1.80952381,1.714285714,4.714285714,0.047619048,0.142857143,1.400680107,1.585649934,0.783763813,0.21821789,0.478091444,Auditory,0.553672316,3,1.386294361,7
59,caramelised,1,3.523809524,1.428571429,0.285714286,3.904761905,4.380952381,1.289148852,1.468721504,0.560611911,1.220850601,1.203170415,Gustatory,0.302816901,0,0,11
60,charred,0.904761905,3.684210526,1.684210526,0.157894737,3.315789474,2.421052632,1.108183277,1.66842013,0.374634325,1.796683104,1.952656011,Visual,0.313084112,2,1.098612289,7
61,cheesy,1,3.047619048,0.476190476,0.666666667,4.19047619,4.714285714,1.657594356,0.980767435,1.316561177,1.077916862,0.560611911,Gustatory,0.323636364,0,0,6
62,chequered,0.904761905,4.473684211,0.263157895,0.105263158,0,0,0.964274111,0.561951487,0.315301768,0,0,Visual,0.923913043,1,0.693147181,9
63,chewy,1,2.571428571,2.047619048,1.333333333,0.619047619,4.476190476,1.660464651,1.802115159,1.390443574,1.07126983,1.400680107,Gustatory,0.349137931,0,0,5
64,chilly,1,2.952380952,4.19047619,0.666666667,0.571428571,1.285714286,1.359271514,1.167006753,1.316561177,1.028174527,1.901127485,Haptic,0.374384236,4,1.609437912,6
65,chocolatey,1,4.19047619,1,0.333333333,4.523809524,4.952380952,1.167006753,1.264911064,1.064581295,0.74960307,0.21821789,Gustatory,0.307936508,0,0,9
66,chubby,1,4.952380952,4.095238095,0.428571429,0.571428571,0.19047619,0.21821789,1.220850601,1.075705748,1.325572653,0.679635757,Visual,0.465116279,1,0.693147181,6
67,circular,1,4.761904762,3.857142857,0.142857143,0,0.095238095,0.538958431,1.424279266,0.358568583,0,0.43643578,Visual,0.537634409,19,2.995732274,8
68,citrusy,1,2.571428571,0.571428571,0.047619048,3.952380952,5,1.468721504,0.978336781,0.21821789,0.804747816,0,Gustatory,0.407843137,0,0,7
69,clammy,0.952380952,2.75,4.35,0.4,1.45,0.6,1.618153594,1.386969434,0.820782682,1.731290969,1.142481141,Haptic,0.413612565,1,0.693147181,6
70,clamorous,0.380952381,2.25,2.875,2.375,0.875,0.125,1.488047618,2.167124494,2.326094213,1.356202682,0.353553391,Haptic,0.323529412,0,0,9
71,clean,1,4.619047619,3.333333333,0.571428571,3.80952381,1.80952381,0.804747816,1.591644852,0.978336781,1.289148852,1.778174559,Visual,0.286195286,64,4.17438727,5
72,clear,1,4.523809524,1.238095238,2.523809524,1.047619048,0.571428571,0.813575296,1.640267109,2.064438123,1.532194194,1.207121724,Visual,0.399038462,255,5.545177444,5
73,cloudy,1,4.714285714,0.285714286,0.142857143,0.142857143,0.333333333,0.783763813,0.643650304,0.478091444,0.478091444,0.795822426,Visual,0.813559322,3,1.386294361,6
74,cloying,0.142857143,1.666666667,1.75,0.333333333,2.333333333,3.333333333,1.527525232,2.061552813,0.577350269,2.516611478,2.886751346,Gustatory,0.318584071,1,0.693147181,7
75,coconutty,1,3.619047619,1.523809524,0.19047619,3.619047619,4.666666667,1.465475707,1.435933411,0.679635757,1.532194194,0.795822426,Gustatory,0.328671329,0,0,9
76,cold,1,2.857142857,4.666666667,0.761904762,0.952380952,2.380952381,1.651838802,0.658280589,1.179184545,1.395571226,1.802115159,Haptic,0.336065574,122,4.812184355,4
77,colossal,0.761904762,4.875,2.294117647,1.6875,0.5625,0.3125,0.5,1.829094922,1.778341924,1.364734406,0.87321246,Visual,0.468832641,2,1.098612289,8
78,colourful,1,4.80952381,0.238095238,0.19047619,0.428571429,0.333333333,0.872871561,0.700340053,0.511766316,1.028174527,0.912870929,Visual,0.76984127,11,2.48490665,9
79,compact,1,4.761904762,2.904761905,0.476190476,0.19047619,0.285714286,0.538958431,1.729299335,1.123345344,0.601585208,0.717137166,Visual,0.53038674,17,2.890371758,7
80,conical,0.619047619,4.692307692,4.076923077,0.153846154,0,0.076923077,0.630425172,1.320450584,0.375533808,0,0.277350098,Visual,0.521367521,2,1.098612289,7
81,contoured,0.952380952,4.15,3.6,0.35,0.1,0.05,0.812727701,1.465390194,0.933302004,0.307793506,0.223606798,Visual,0.496969697,0,0,9
82,cooing,0.904761905,2.157894737,0.105263158,4.842105263,0,0,1.344253527,0.458831468,0.501459857,0,0,Auditory,0.681481481,0,0,6
83,cool,1,2.428571429,4.333333333,0.380952381,0.285714286,1.857142857,1.362770288,0.856348839,0.804747816,0.560611911,1.590148241,Haptic,0.435897436,40,3.713572067,4
84,crackling,1,2.80952381,1.380952381,4.285714286,0.904761905,1.333333333,1.364516311,1.283596139,0.956182887,0.995226703,1.527525232,Auditory,0.315555556,2,1.098612289,9
85,craggy,0.714285714,3.466666667,2.666666667,1,0.133333333,0.133333333,1.35576371,1.838736626,1.253566341,0.351865775,0.516397779,Visual,0.45045045,1,0.693147181,6
86,crashing,1,4.619047619,1.238095238,4.571428571,0.523809524,0.142857143,0.497613352,1.546116487,0.746420027,1.030487633,0.654653671,Visual,0.403433476,5,1.791759469,8
87,creaking,1,2.047619048,1.142857143,4.476190476,0,0,1.465475707,1.31475147,0.813575296,0,0,Auditory,0.583850932,2,1.098612289,8
88,creamy,1,3.80952381,2.761904762,0.19047619,2.380952381,4.476190476,1.503963019,1.757975026,0.511766316,1.856776521,1.209092537,Gustatory,0.314685315,4,1.609437912,6
89,creased,0.952380952,4.7,3.65,0.15,0.15,0.15,0.656946685,1.225818738,0.489360485,0.670820393,0.670820393,Visual,0.517045455,2,1.098612289,7
90,crimson,1,4.428571429,0.285714286,0.19047619,0.095238095,0.047619048,1.207121724,0.902377811,0.601585208,0.43643578,0.21821789,Visual,0.867924528,4,1.609437912,7
91,crinkled,1,4.619047619,4.619047619,2.714285714,0.238095238,0.904761905,0.589592272,0.669043382,1.847778589,0.768424486,1.578124263,Visual,0.334545455,0,0,8
92,crisp,1,3.095238095,3.380952381,2.047619048,1.142857143,2.666666667,1.338086765,1.203170415,1.883512423,1.276154939,1.591644852,Haptic,0.181467181,8,2.197224577,5
93,crooked,1,4.476190476,3.571428571,0.619047619,0.142857143,0.19047619,0.813575296,1.502379066,1.160869953,0.654653671,0.679635757,Visual,0.481481481,3,1.386294361,7
94,crowded,1,4.619047619,2.285714286,3.714285714,0.761904762,0,0.589592272,1.616875293,0.956182887,1.091089451,0,Visual,0.405857741,15,2.772588722,7
95,crunching,1,2.142857143,2.142857143,3.714285714,0.428571429,3.047619048,1.558387445,1.558387445,1.10194633,1.075705748,1.532194194,Auditory,0.286307054,1,0.693147181,9
96,crying,1,4.428571429,1.238095238,4.476190476,0.047619048,0.142857143,1.075705748,1.757975026,0.74960307,0.21821789,0.478091444,Auditory,0.428571429,20,3.044522438,6
97,curly,1,4.761904762,3.857142857,0,0,0.285714286,0.889087279,1.236354087,0,0,0.643650304,Visual,0.534759358,4,1.609437912,5
98,curved,0.952380952,4.5,3.95,0.1,0,0.105263158,0.945905303,1.234376041,0.307793506,0,0.315301768,Visual,0.519914868,11,2.48490665,6
99,cute,1,4.761904762,1.666666667,3.142857143,0.80952381,0.380952381,0.538958431,1.825741858,1.590148241,1.400680107,0.920662287,Visual,0.407079646,3,1.386294361,4
100,damp,1,3.80952381,4.142857143,0.380952381,3.142857143,0.380952381,1.123345344,0.963624112,0.864649668,1.525965736,0.804747816,Haptic,0.317269076,20,3.044522438,4
101,dank,0.666666667,3.466666667,1.176470588,0.866666667,2.8,0.733333333,1.684664726,1.333945938,1.35576371,1.698739028,1.222799287,Visual,0.302254987,1,0.693147181,4
102,dappled,0.666666667,4,1.857142857,0.571428571,0.285714286,0.214285714,1.414213562,1.610405723,1.016349858,1.069044968,0.801783726,Visual,0.546391753,1,0.693147181,7
103,dark,1,4.428571429,0.19047619,0.714285714,0.19047619,0.523809524,1.247855303,0.402373908,1.10194633,0.511766316,1.123345344,Visual,0.700787402,135,4.912654886,4
104,dazzling,1,4.904761905,0.380952381,0.619047619,0.238095238,0.095238095,0.300792604,0.804747816,1.023532631,0.624880941,0.43643578,Visual,0.770992366,5,1.791759469,8
105,dead,1,4.095238095,2.428571429,1.380952381,2.333333333,0.238095238,1.513431925,1.660464651,1.657594356,1.770122406,0.624880941,Visual,0.368181818,124,4.828313737,4
106,deafening,1,1.238095238,0.19047619,5,0,0.047619048,1.261140829,0.679635757,0,0,0.21821789,Auditory,0.772058824,2,1.098612289,9
107,deep,1,4.428571429,3.619047619,2.095238095,0.380952381,0.285714286,0.676123404,1.596126263,1.786190413,1.07126983,0.956182887,Visual,0.383259912,107,4.682131227,4
108,delicious,1,3.380952381,1.333333333,1.333333333,4.19047619,4.714285714,1.774153051,1.770122406,2.008316044,1.167006753,0.643650304,Gustatory,0.22611465,11,2.48490665,9
109,dim,1,4.333333333,0.095238095,0.80952381,0.19047619,0.25,1.110555417,0.300792604,1.249761882,0.511766316,0.550119604,Visual,0.746331237,8,2.197224577,3
110,dirty,1,4.80952381,2.714285714,0.476190476,3.523809524,1.285714286,0.402373908,1.927248223,0.92838826,1.289148852,1.616875293,Visual,0.338289963,27,3.33220451,5
111,downy,0.714285714,3.333333333,2.75,0.133333333,0,0.133333333,1.5430335,2.236067977,0.351865775,0,0.516397779,Visual,0.524934383,1,0.693147181,5
112,drab,0.904761905,4.105263158,1.105263158,1.263157895,0.736842105,1.368421053,1.410072372,1.523692038,1.484815936,1.407997209,1.382852379,Visual,0.392638037,3,1.386294361,4
113,dry,1,3.571428571,4.285714286,0.333333333,0.428571429,2.523809524,1.287300609,1.055597326,0.912870929,0.676123404,1.88730092,Haptic,0.354700855,66,4.204692619,3
114,dull,1,4.285714286,0.571428571,2.333333333,1.19047619,1.238095238,0.845154255,0.870139562,1.879716291,1.778174559,1.729299335,Visual,0.386138614,19,2.995732274,4
115,dusty,1,4.285714286,3.380952381,0.05,1.19047619,0.380952381,1.055597326,1.160869953,0.223606798,1.289148852,1.160869953,Visual,0.456036914,8,2.197224577,5
116,earthy,1,3.952380952,3.428571429,1.047619048,3.095238095,2,1.160869953,1.247855303,1.627150592,1.757975026,2.213594362,Visual,0.214788732,1,0.693147181,6
117,echoing,1,0.523809524,0.333333333,4.714285714,0,0,0.980767435,0.795822426,0.717137166,0,0,Auditory,0.846153846,4,1.609437912,7
118,eggy,1,2.857142857,1.047619048,0.142857143,4.333333333,4.380952381,1.740279124,1.116968687,0.358568583,0.966091783,1.023532631,Gustatory,0.332089552,0,0,4
119,elastic,1,3.80952381,4.571428571,1.952380952,0.666666667,0.619047619,0.92838826,0.597614305,1.465475707,1.354006401,1.283596139,Haptic,0.340163934,5,1.791759469,7
120,elegant,1,4.761904762,1.523809524,1.857142857,1.095238095,0.666666667,0.538958431,1.249761882,1.558387445,1.546116487,1.154700538,Visual,0.413461538,18,2.944438979,7
121,empty,0.952380952,4.75,3.6,1.65,0.15,0.25,0.716350399,1.535543792,1.814415956,0.489360485,0.638666374,Visual,0.442307692,58,4.077537444,5
122,enormous,1,4.761904762,3.857142857,1.19047619,0.333333333,0.095238095,0.700340053,1.108409414,1.66189794,0.795822426,0.300792604,Visual,0.455813953,42,3.761200116,8
123,faint,1,2.761904762,0.619047619,2.333333333,1.857142857,1.428571429,1.89485519,1.023532631,2.008316044,1.796822592,1.804755623,Visual,0.238095238,16,2.833213344,5
124,falling,1,4.857142857,1.80952381,3,0.19047619,0.19047619,0.478091444,1.778174559,1.378404875,0.872871561,0.872871561,Visual,0.464454976,47,3.871201011,7
125,fat,1,4.619047619,3.761904762,0.380952381,0.952380952,1.55,0.804747816,1.445847914,0.804747816,1.596126263,1.791059669,Visual,0.376241809,46,3.850147602,3
126,fatty,1,3.666666667,1.857142857,0.333333333,1.714285714,4.380952381,0.966091783,1.458962449,0.912870929,1.45405836,1.116968687,Gustatory,0.338645418,6,1.945910149,5
127,feverish,0.952380952,2.857142857,3.19047619,0.666666667,0.285714286,0.238095238,1.492840055,1.600595127,0.966091783,0.902377811,0.889087279,Haptic,0.407894737,2,1.098612289,8
128,filthy,1,4.857142857,2,0.380952381,2.428571429,0.238095238,0.358568583,1.673320053,0.74001287,1.468721504,0.43643578,Visual,0.466346154,7,2.079441542,6
129,fishy,1,3.380952381,0.952380952,0.285714286,4.571428571,4.476190476,1.716863142,1.627150592,0.783763813,0.810643483,0.980767435,Olfactory,0.31358885,1,0.693147181,5
130,flaky,1,3.761904762,3.952380952,1.19047619,0.333333333,1.714285714,1.338086765,1.07126983,1.077916862,0.658280589,1.553797192,Haptic,0.330434783,0,0,5
131,flat,1,4.523809524,4.142857143,0.857142857,0.047619048,0.523809524,0.980767435,1.014185106,1.681835732,0.21821789,1.030487633,Visual,0.443396226,86,4.465908119,4
132,flavoursome,1,1.904761905,0.428571429,0.19047619,4.238095238,4.857142857,1.670471847,0.870139562,0.511766316,0.995226703,0.358568583,Gustatory,0.401639344,0,0,11
133,fleshy,1,4.285714286,3.571428571,0.095238095,0.904761905,2.15,0.845154255,1.362770288,0.300792604,1.220850601,1.87153188,Visual,0.38070517,2,1.098612289,6
134,flickering,1,4.761904762,0.571428571,1.285714286,0.095238095,0.095238095,0.700340053,0.746420027,1.488047618,0.300792604,0.43643578,Visual,0.685314685,4,1.609437912,10
135,floppy,1,4.238095238,4.19047619,0.142857143,0.142857143,0.238095238,0.995226703,1.077916862,0.478091444,0.654653671,0.700340053,Visual,0.457446809,5,1.791759469,6
136,floral,1,4.80952381,1.523809524,0.142857143,3.80952381,1.35,0.679635757,1.536848972,0.478091444,1.600595127,1.598519051,Visual,0.401064047,4,1.609437912,6
137,flowery,1,4.428571429,1.857142857,0,3.904761905,0.571428571,0.9258201,1.352246808,0,1.338086765,1.164964745,Visual,0.411504425,1,0.693147181,7
138,fluffy,1,4.047619048,4.571428571,0.333333333,0.333333333,1.095238095,1.283596139,0.746420027,0.730296743,1.064581295,1.410842369,Haptic,0.408256881,2,1.098612289,6
139,foamy,1,4.523809524,3.666666667,0.285714286,0.428571429,1.19047619,0.980767435,1.110555417,0.717137166,0.810643483,1.249761882,Visual,0.419811321,0,0,5
140,foetid,0.095238095,2.25,1.25,0,2.25,2.25,2.62995564,1.892969449,0,2.62995564,2.62995564,Olfactory,0.28125,0,0,6
141,foggy,1,4.761904762,0.80952381,0.333333333,0.476190476,0.095238095,0.700340053,1.327367606,0.730296743,0.92838826,0.300792604,Visual,0.720588235,1,0.693147181,5
142,forked,1,4.047619048,3.428571429,0.285714286,0.095238095,0.238095238,1.465475707,1.468721504,0.783763813,0.300792604,0.889087279,Visual,0.488235294,2,1.098612289,6
143,fragrant,1,0.952380952,0.238095238,0.238095238,5,2.761904762,1.321975434,0.624880941,0.538958431,0,1.445847914,Olfactory,0.518134715,3,1.386294361,8
144,freezing,1,3.952380952,4.761904762,0.666666667,0.619047619,2.095238095,1.283596139,0.624880941,1.016530045,1.023532631,2.047065263,Haptic,0.342519685,10,2.397895273,8
145,fresh,1,3.952380952,2.428571429,1,4.523809524,4.095238095,1.203170415,1.776835068,1.516575089,0.601585208,1.410842369,Olfactory,0.220238095,68,4.234106505,5
146,frosty,1,4.047619048,3.761904762,1.047619048,0.857142857,0.952380952,1.116968687,1.374945886,1.395571226,1.38873015,1.395571226,Visual,0.299107143,2,1.098612289,6
147,fruity,1,3.238095238,0.904761905,0.238095238,4.428571429,4.761904762,1.813966976,1.220850601,0.700340053,0.870139562,0.624880941,Gustatory,0.333333333,2,1.098612289,6
148,fuzzy,1,3.666666667,3.047619048,1.571428571,0,0.285714286,1.278019301,2.132514724,1.567527626,0,0.717137166,Visual,0.427777778,2,1.098612289,5
149,gamy,0.666666667,2.785714286,2.785714286,0.428571429,2.071428571,2.214285714,1.577659973,1.847183779,1.089409559,1.774359504,2.259290952,Haptic,0.229166667,0,0,4
150,garlicky,1,2.142857143,0.142857143,0.142857143,4.428571429,4.952380952,1.796822592,0.358568583,0.358568583,0.676123404,0.21821789,Gustatory,0.407258065,0,0,8
151,gigantic,1,4.714285714,3.285714286,1.380952381,0.19047619,0.142857143,0.560611911,1.847778589,1.627150592,0.511766316,0.478091444,Visual,0.470588235,4,1.609437912,8
152,giggling,1,3.952380952,0.571428571,4.714285714,0,0,0.920662287,1.028174527,0.717137166,0,0,Auditory,0.510309278,2,1.098612289,8
153,glamorous,1,4.666666667,1.571428571,1.714285714,1.238095238,0.238095238,0.577350269,1.567527626,1.82051798,1.670471847,0.700340053,Visual,0.46969697,6,1.945910149,9
154,gleaming,1,4.571428571,0.761904762,0.523809524,0.619047619,0.238095238,0.746420027,1.179184545,0.92838826,1.023532631,0.700340053,Visual,0.645390071,6,1.945910149,8
155,glistening,1,4.380952381,0.619047619,0.952380952,0.19047619,0.142857143,1.321975434,1.203170415,1.283596139,0.511766316,0.478091444,Visual,0.674242424,2,1.098612289,10
156,glittery,1,4.666666667,2,0.761904762,0.095238095,0.047619048,0.658280589,1.760681686,1.220850601,0.300792604,0.21821789,Visual,0.610062893,0,0,8
157,globular,0.857142857,4.444444444,3.166666667,0.777777778,0.333333333,0.888888889,0.855585264,2.007339474,0.942809042,1.028991511,1.676441922,Visual,0.427745665,1,0.693147181,8
158,glossy,1,4.80952381,3.761904762,0.380952381,0.333333333,0.476190476,0.511766316,1.374945886,0.804747816,0.795822426,0.92838826,Visual,0.458536585,6,1.945910149,6
159,glowing,1,4.571428571,0.523809524,0.428571429,0.285714286,0.142857143,0.870139562,1.289148852,0.978336781,0.902377811,0.654653671,Visual,0.744,8,2.197224577,7
160,gold,1,4.523809524,1.047619048,0.142857143,0.238095238,0.142857143,1.030487633,1.359271514,0.358568583,0.624880941,0.358568583,Visual,0.71875,78,4.369447852,4
161,gooey,1,4.238095238,4.666666667,1.571428571,0.714285714,2.619047619,0.700340053,0.730296743,1.599106894,1.23056317,1.935876816,Haptic,0.286206897,0,0,5
162,gorgeous,1,4.904761905,2.19047619,1.476190476,2.857142857,2.523809524,0.300792604,1.691716513,1.631534481,1.621286967,1.833549771,Visual,0.245733788,6,1.945910149,8
163,grainy,1,3.428571429,4.19047619,1.238095238,0.476190476,2.333333333,1.434274331,1.077916862,1.261140829,0.980767435,1.712697677,Haptic,0.318367347,0,0,6
164,grassy,1,4.619047619,3.238095238,0.2,3,0.333333333,0.669043382,1.261140829,0.615587011,1,0.912870929,Visual,0.387959866,3,1.386294361,6
165,greasy,1,3.761904762,3.952380952,0.19047619,2.333333333,3.80952381,0.995226703,1.160869953,0.511766316,1.770122406,1.249761882,Haptic,0.26779661,4,1.609437912,6
166,green,1,4.952380952,0.380952381,0.238095238,0.714285714,0.523809524,0.21821789,1.023532631,0.624880941,1.309307341,0.92838826,Visual,0.692307692,129,4.86753445,5
167,grey,1,4.761904762,0.047619048,0.380952381,0.285714286,0.095238095,0.624880941,0.21821789,0.864649668,0.956182887,0.300792604,Visual,0.846153846,54,4.007333185,4
168,gritty,1,3.476190476,4.333333333,1.857142857,0.19047619,1.857142857,1.327367606,0.856348839,1.525965736,0.402373908,1.651838802,Haptic,0.353658537,2,1.098612289,6
169,groaning,1,2.142857143,0.142857143,4.476190476,0.047619048,0,1.458962449,0.358568583,0.872871561,0.21821789,0,Auditory,0.657342657,2,1.098612289,8
170,grotesque,1,4.380952381,2.857142857,1.761904762,3,2.761904762,1.116968687,1.740279124,1.89485519,1.788854382,1.946914531,Visual,0.177419355,3,1.386294361,9
171,growling,1,3.047619048,0.19047619,4.619047619,0.19047619,0.095238095,1.283596139,0.511766316,0.74001287,0.511766316,0.300792604,Auditory,0.555555556,1,0.693147181,8
172,grubby,1,4.666666667,2.333333333,0.142857143,2.142857143,0.19047619,0.577350269,1.390443574,0.478091444,1.458962449,0.511766316,Visual,0.477386935,3,1.386294361,6
173,gurgling,1,3.238095238,0.714285714,4.380952381,0.523809524,0.476190476,1.338086765,1.309307341,0.864649668,1.077916862,1.123345344,Auditory,0.418367347,1,0.693147181,8
174,hairy,1,4.476190476,4.428571429,0.19047619,0.19047619,0.19047619,1.077916862,1.287300609,0.601585208,0.679635757,0.402373908,Visual,0.452261307,4,1.609437912,5
175,handsome,1,4.952380952,1.428571429,0.904761905,1.380952381,0.333333333,0.21821789,1.468721504,1.135991281,1.687488977,0.795822426,Visual,0.513227513,17,2.890371758,8
176,happy,1,4.333333333,1.238095238,3.619047619,1.285714286,1.142857143,1.197219,1.70014005,1.564486832,1.792842914,1.711306936,Visual,0.274590164,117,4.770684624,5
177,hard,1,3.904761905,4.714285714,1.285714286,0.095238095,1,1.410842369,0.46291005,1.553797192,0.300792604,1.224744871,Haptic,0.41991342,228,5.433722004,4
178,harsh,1,3.19047619,2.523809524,3.333333333,1.80952381,2.285714286,1.503963019,1.400680107,1.591644852,1.860619456,1.677583296,Auditory,0.115942029,15,2.772588722,5
179,hazy,1,4.380952381,0.142857143,0.952380952,0.476190476,0,0.973457265,0.478091444,1.07126983,0.872871561,0,Visual,0.736,2,1.098612289,4
180,heavy,1,3.523809524,3.904761905,1.714285714,0.238095238,0.571428571,1.400680107,1.670471847,1.792842914,0.768424486,1.325572653,Haptic,0.368421053,94,4.553876892,5
181,herby,1,2.80952381,0.761904762,0.047619048,4.142857143,4.80952381,1.327367606,1.179184545,0.21821789,0.792824967,0.402373908,Gustatory,0.378787879,0,0,5
182,high,1,4.380952381,2.285714286,2.476190476,0.285714286,0.285714286,0.920662287,2.077085871,1.860619456,0.783763813,0.783763813,Visual,0.421568627,383,5.950642553,4
183,hissing,1,2.095238095,0.333333333,4.523809524,0.047619048,0.047619048,1.48002574,0.795822426,0.92838826,0.21821789,0.21821789,Auditory,0.635135135,2,1.098612289,7
184,hoarse,0.952380952,1.55,1.45,3.9,0.15,0.35,1.731290969,1.571958216,1.744163199,0.489360485,0.988086934,Auditory,0.506756757,2,1.098612289,6
185,hollow,1,4.380952381,4.142857143,3.857142857,0.095238095,0.571428571,0.804747816,1.014185106,1.558387445,0.300792604,1.287300609,Visual,0.328467153,11,2.48490665,6
186,honeyed,1,3.047619048,1.333333333,0.333333333,3.571428571,4.095238095,1.627150592,1.390443574,0.795822426,1.325572653,1.374945886,Gustatory,0.303846154,0,0,7
187,hot,1,3.333333333,4.857142857,1.047619048,1.666666667,4.428571429,1.425949976,0.358568583,1.395571226,2.081665999,1.39897922,Haptic,0.248447205,91,4.521788577,3
188,howling,1,2.80952381,0.142857143,4.952380952,0.142857143,0.142857143,1.435933411,0.654653671,0.21821789,0.654653671,0.654653671,Auditory,0.587209302,3,1.386294361,7
189,huge,1,4.95,3.714285714,1.428571429,0.333333333,0.380952381,0.223606798,1.45405836,1.719634513,1.110555417,1.244033379,Visual,0.427186605,79,4.382026635,4
190,humid,1,1.761904762,3.285714286,0.238095238,1.428571429,0.476190476,1.578124263,1.419255338,0.538958431,1.287300609,0.980767435,Haptic,0.42384106,2,1.098612289,5
191,hushed,1,1.80952381,0.142857143,4.380952381,0.047619048,0,1.470341716,0.358568583,0.864649668,0.21821789,0,Auditory,0.686567164,2,1.098612289,6
192,husky,1,1.285714286,0.571428571,4.619047619,0.714285714,0.333333333,1.585649934,1.121223821,0.804747816,1.309307341,0.912870929,Auditory,0.569620253,2,1.098612289,5
193,icy,1,4.523809524,4.428571429,1.238095238,0.619047619,1.904761905,0.601585208,1.164964745,1.48002574,1.244033379,1.609495632,Visual,0.307116105,7,2.079441542,3
194,immense,0.952380952,4,2.095238095,2.333333333,1.666666667,1.619047619,1.549193338,1.972429008,2.033060091,2.105548226,2.108937896,Visual,0.203252033,14,2.708050201,7
195,insipid,0.285714286,1.714285714,0.428571429,0.285714286,1.428571429,0.857142857,1.603567451,0.786795792,0.755928946,1.272418021,1.214985793,Visual,0.303030303,1,0.693147181,7
196,itchy,1,3.142857143,4.80952381,1.285714286,0.285714286,0.333333333,1.492840055,0.511766316,1.383577144,0.560611911,0.577350269,Haptic,0.458937198,1,0.693147181,5
197,jagged,1,4.714285714,4.761904762,0.619047619,0.238095238,0.476190476,0.560611911,0.43643578,1.07126983,0.768424486,0.92838826,Haptic,0.418502203,3,1.386294361,6
198,jammy,1,3.333333333,1.523809524,0.238095238,2.476190476,4.714285714,1.390443574,1.569045813,0.768424486,1.600595127,0.717137166,Gustatory,0.364341085,0,0,5
199,jingling,0.952380952,2.95,1.1,4.95,0.15,0.15,1.35627198,1.252366182,0.223606798,0.670820393,0.670820393,Auditory,0.516129032,0,0,8
200,juicy,1,3.619047619,2.19047619,1.428571429,2.80952381,4.857142857,1.283596139,1.66189794,1.804755623,1.778174559,0.358568583,Gustatory,0.230031949,2,1.098612289,5
201,khaki,0.952380952,4.95,0.55,0.3,0.25,0.1,0.223606798,1.431782106,0.97872097,0.786397516,0.447213595,Visual,0.788617886,2,1.098612289,5
202,large,1,4.857142857,4.19047619,1.476190476,0.380952381,0.571428571,0.358568583,1.400680107,1.600595127,1.244033379,1.468721504,Visual,0.390041494,337,5.823045895,5
203,laughing,1,4.333333333,0.55,4.714285714,0.047619048,0.047619048,0.912870929,1.099042646,0.46291005,0.21821789,0.21821789,Auditory,0.481454188,26,3.295836866,8
204,leathery,1,4.142857143,4.571428571,0.523809524,2.857142857,0.380952381,0.654653671,0.507092553,1.209092537,1.352246808,0.920662287,Haptic,0.335877863,1,0.693147181,8
205,lemony,1,2.904761905,0.714285714,0,3.714285714,4.952380952,1.546116487,0.956182887,0,1.007117528,0.21821789,Gustatory,0.403100775,0,0,6
206,light,1,4.142857143,2.380952381,1,1,1.571428571,1.195228609,2.060975266,1.516575089,1.449137675,1.660464651,Visual,0.311320755,216,5.379897354,5
207,lilting,0.523809524,2.545454545,1.416666667,2.272727273,0.545454545,0.363636364,1.368476259,1.781640375,2.148995537,1.035725481,0.924416278,Visual,0.305408271,0,0,7
208,lithe,0.285714286,4.166666667,3,0,0.166666667,0.166666667,0.752772653,1.264911064,0,0.40824829,0.40824829,Visual,0.555555556,1,0.693147181,5
209,little,1,4.666666667,3.238095238,0.380952381,0,0.095238095,0.856348839,1.546116487,0.804747816,0,0.300792604,Visual,0.556818182,536,6.285998095,6
210,long,1,4.761904762,3.904761905,0.714285714,0,0,0.538958431,1.179184545,1.419255338,0,0,Visual,0.507614213,529,6.272877007,4
211,loose,1,4.142857143,3.80952381,0.380952381,0.142857143,0.047619048,0.963624112,1.364516311,0.74001287,0.654653671,0.21821789,Visual,0.480446927,31,3.465735903,5
212,loud,1,1.571428571,0.238095238,4.952380952,0.095238095,0.238095238,1.468721504,0.538958431,0.21821789,0.43643578,0.768424486,Auditory,0.684563758,25,3.258096538,4
213,low,1,4.285714286,2.523809524,1.904761905,0.142857143,0.142857143,1.419255338,1.778174559,1.868281614,0.654653671,0.654653671,Visual,0.46031746,166,5.117993812,3
214,lukewarm,1,0.714285714,4.714285714,0.238095238,0.714285714,2.571428571,1.383577144,0.717137166,0.889087279,1.346954236,2.063284483,Haptic,0.5,2,1.098612289,8
215,lumpy,1,4.428571429,4.476190476,0.714285714,0.285714286,2.523809524,0.746420027,0.872871561,1.10194633,0.783763813,2.204972735,Haptic,0.337164751,2,1.098612289,5
216,lush,1,4.047619048,3,0.857142857,3,2.952380952,0.973457265,1.816590212,1.525965736,1.760681686,1.856776521,Visual,0.23024055,4,1.609437912,4
217,malty,0.904761905,1.842105263,0.789473684,0,2.736842105,3.842105263,1.607729866,1.272746259,0,1.593113836,1.462993806,Gustatory,0.417142857,0,0,5
218,meaty,1,3.761904762,1.619047619,0.095238095,3.285714286,4.80952381,0.83094897,1.532194194,0.300792604,1.055597326,0.402373908,Gustatory,0.347368421,1,0.693147181,5
219,medicinal,0.952380952,3.2,0.75,0.6,2.35,2.45,1.361114095,1.019545823,1.273205652,1.814415956,1.932410548,Visual,0.278074866,3,1.386294361,9
220,mellow,1,3.142857143,0.428571429,2.714285714,0.80952381,1.047619048,1.424279266,0.978336781,1.707127914,1.435933411,1.657594356,Visual,0.333333333,3,1.386294361,6
221,melodious,0.904761905,0.842105263,0.526315789,4.842105263,0.368421053,0.368421053,1.302269724,1.123902974,0.501459857,1.116070802,1.116070802,Auditory,0.643939394,0,0,9
222,melted,1,4.857142857,3.857142857,0.857142857,1.571428571,2.714285714,0.358568583,1.31475147,1.424279266,1.719634513,2.10102016,Visual,0.288659794,6,1.945910149,6
223,meowing,1,2.571428571,0.19047619,4.952380952,0.380952381,0.095238095,1.630074494,0.511766316,0.21821789,0.74001287,0.43643578,Auditory,0.593023256,0,0,7
224,metal,1,4.523809524,4.238095238,2.666666667,1.238095238,1.285714286,0.601585208,0.768424486,1.559914528,1.220850601,1.488047618,Visual,0.235494881,46,3.850147602,5
225,mild,1,2.19047619,1.380952381,1.761904762,2.619047619,3.619047619,1.631534481,1.856776521,1.786190413,1.883512423,1.532194194,Gustatory,0.193415638,16,2.833213344,4
226,miniature,1,4.571428571,3.333333333,0.428571429,0.19047619,0.142857143,0.978336781,1.425949976,1.075705748,0.679635757,0.654653671,Visual,0.510989011,9,2.302585093,9
227,minty,1,1.714285714,0.142857143,0,3.952380952,4.952380952,1.521277659,0.358568583,0,0.973457265,0.21821789,Gustatory,0.460176991,0,0,5
228,misty,1,4.714285714,1.095238095,0.571428571,0.952380952,0.476190476,0.560611911,1.48002574,1.121223821,1.395571226,0.980767435,Visual,0.542682927,3,1.386294361,5
229,moaning,1,3,0.19047619,4.952380952,0.142857143,0.142857143,1.816590212,0.679635757,0.21821789,0.654653671,0.654653671,Auditory,0.570621469,4,1.609437912,7
230,moist,1,3.666666667,4.380952381,1.428571429,1.714285714,2.857142857,1.154700538,0.864649668,1.434274331,1.419255338,1.458962449,Haptic,0.210169492,6,1.945910149,5
231,motionless,1,4.571428571,2.523809524,1.714285714,0.047619048,0,0.978336781,1.569045813,1.23056317,0.21821789,0,Visual,0.516129032,4,1.609437912,10
232,mottled,0.523809524,4.363636364,1.333333333,0.636363636,0.727272727,0.636363636,0.674199862,1.302677895,1.026910636,1.190874392,1.206045378,Visual,0.484251969,1,0.693147181,7
233,mouldy,1,4.380952381,1.80952381,0.047619048,3.476190476,3,0.973457265,1.167006753,0.21821789,1.470341716,1.897366596,Visual,0.34082397,1,0.693147181,6
234,muddy,1,4.523809524,3.523809524,1.380952381,2.238095238,0.761904762,0.74960307,1.536848972,1.499206139,1.410842369,1.410842369,Visual,0.302681992,6,1.945910149,5
235,muffled,1,1.380952381,0.428571429,4.476190476,0.333333333,0.333333333,1.564486832,0.870139562,1.077916862,1.110555417,0.966091783,Auditory,0.595890411,4,1.609437912,7
236,muggy,0.80952381,3.176470588,1.352941176,0.764705882,1.588235294,0.647058824,1.845104811,1.578811914,1.200490096,1.543487266,1.114740803,Visual,0.3359375,0,0,5
237,mumbling,1,1.904761905,0.238095238,4.904761905,0.142857143,0.095238095,1.445847914,0.538958431,0.300792604,0.654653671,0.43643578,Auditory,0.660130719,1,0.693147181,8
238,murky,1,4.380952381,0.857142857,0.571428571,1.571428571,0.428571429,0.864649668,1.108409414,1.121223821,1.502379066,0.978336781,Visual,0.506097561,2,1.098612289,5
239,murmuring,1,2.19047619,0.238095238,4.857142857,0.142857143,0.095238095,1.860619456,0.538958431,0.478091444,0.478091444,0.43643578,Auditory,0.632911392,2,1.098612289,9
240,mushroomy,1,3.857142857,1.761904762,0.047619048,3,4.761904762,1.424279266,1.609495632,0.21821789,1.414213562,0.538958431,Gustatory,0.35106383,0,0,9
241,mushy,1,3.857142857,4.428571429,1.904761905,0.523809524,3.238095238,1.31475147,1.207121724,1.513431925,0.92838826,1.972429008,Haptic,0.279863481,1,0.693147181,5
242,musky,0.904761905,1.947368421,0.157894737,0.368421053,4.263157895,2.052631579,1.778691286,0.374634325,0.830697586,1.407997209,1.544656891,Olfactory,0.467065868,0,0,5
243,musty,0.904761905,3.210526316,0.631578947,0.473684211,4.315789474,1.736842105,1.397575177,0.955133866,0.904827857,1.157230006,1.521771821,Olfactory,0.370558376,1,0.693147181,5
244,mute,1,1.523809524,0.095238095,4.952380952,0,0,1.691716513,0.43643578,0.21821789,0,0,Auditory,0.753623188,2,1.098612289,4
245,muttering,1,2.619047619,0.19047619,4.80952381,0.142857143,0.095238095,1.532194194,0.511766316,0.511766316,0.478091444,0.43643578,Auditory,0.6,4,1.609437912,9
246,narrow,1,4.857142857,3.095238095,0.523809524,0.095238095,0.095238095,0.358568583,1.70014005,0.74960307,0.43643578,0.43643578,Visual,0.549450549,50,3.931825633,6
247,noisy,1,1.666666667,0.285714286,4.952380952,0.047619048,0.047619048,1.238278375,0.902377811,0.21821789,0.21821789,0.21821789,Auditory,0.700680272,10,2.397895273,5
248,noxious,0.523809524,2.454545455,0.272727273,0.818181818,3.1,2.181818182,1.368476259,0.646669791,1.167748416,2.233582076,1.887759615,Olfactory,0.320288363,2,1.098612289,7
249,nutty,1,3.571428571,1.476190476,0.333333333,3,4.952380952,1.164964745,1.030487633,0.730296743,1.224744871,0.21821789,Gustatory,0.346428571,1,0.693147181,5
250,odorous,1,1.142857143,0.19047619,0.285714286,4.952380952,1.857142857,1.352246808,0.601585208,0.643650304,0.21821789,1.458962449,Olfactory,0.564971751,1,0.693147181,7
251,oily,1,3.904761905,3.619047619,0.238095238,2,3.333333333,1.04425868,1.359271514,0.889087279,1.4509525,1.683250823,Visual,0.28,3,1.386294361,4
252,oniony,1,3.428571429,1.238095238,0.19047619,4.523809524,4.952380952,1.287300609,1.338086765,0.679635757,0.92838826,0.21821789,Gustatory,0.332225914,0,0,6
253,open,1,4.761904762,3.428571429,1.333333333,0.19047619,0.095238095,0.43643578,1.719634513,1.425949976,0.601585208,0.43643578,Visual,0.475728155,303,5.717027701,4
254,orange,1,4.619047619,1.142857143,0.095238095,2.333333333,2.80952381,0.973457265,1.8516402,0.300792604,2.152517905,2.135861597,Visual,0.411255411,27,3.33220451,6
255,orangey,1,4.238095238,1.571428571,0.380952381,3.761904762,4.333333333,1.135991281,1.690308509,1.07126983,1.445847914,1.064581295,Gustatory,0.276666667,0,0,7
256,oval,1,4.619047619,3.952380952,0.047619048,0.19047619,0.285714286,0.804747816,0.864649668,0.21821789,0.679635757,0.783763813,Visual,0.502617801,7,2.079441542,4
257,painful,1,3.857142857,4.619047619,3.333333333,0.761904762,0.80952381,1.458962449,0.973457265,1.622754859,1.410842369,1.400680107,Haptic,0.288256228,19,2.995732274,7
258,palatable,0.80952381,3.470588235,0.764705882,0.235294118,3.647058824,4.823529412,1.178857872,0.9701425,0.562295715,1.271867548,0.392952624,Gustatory,0.354545455,1,0.693147181,9
259,pale,1,4.952380952,0.285714286,0.238095238,0.095238095,0.333333333,0.21821789,0.643650304,0.624880941,0.43643578,1.064581295,Visual,0.822580645,35,3.583518938,4
260,patterned,1,4.904761905,1.714285714,0.333333333,0.095238095,0.047619048,0.300792604,1.419255338,1.154700538,0.43643578,0.21821789,Visual,0.684563758,4,1.609437912,9
261,peachy,1,3.238095238,2.142857143,0.047619048,3.047619048,3.619047619,1.70014005,1.930950913,0.21821789,1.596126263,1.532194194,Gustatory,0.295275591,0,0,6
262,peppery,1,2.666666667,0.333333333,0.095238095,3.523809524,4.952380952,1.354006401,0.658280589,0.43643578,1.249761882,0.21821789,Gustatory,0.419753086,0,0,7
263,perfumed,1,0.476190476,0.19047619,0.095238095,4.904761905,2.285714286,0.92838826,0.601585208,0.43643578,0.43643578,1.45405836,Olfactory,0.604790419,1,0.693147181,8
264,petite,1,4.523809524,2.714285714,0.285714286,0,0,1.123345344,1.677583296,0.902377811,0,0,Visual,0.601265823,2,1.098612289,6
265,pink,1,4.476190476,0.333333333,0.142857143,0.19047619,0.333333333,1.209092537,0.795822426,0.358568583,0.679635757,0.795822426,Visual,0.791304348,34,3.555348061,4
266,plain,1,4.285714286,1.19047619,0.571428571,1.095238095,3.238095238,1.055597326,1.435933411,1.247855303,1.179184545,1.640267109,Visual,0.357798165,41,3.737669618,5
267,plastic,1,4.333333333,4.285714286,1.476190476,1.619047619,0.952380952,1.016530045,0.845154255,1.209092537,1.244033379,1.395571226,Visual,0.266917293,41,3.737669618,7
268,polished,1,4.666666667,3.476190476,0.428571429,1.857142857,0,0.577350269,1.364516311,1.207121724,1.31475147,0,Visual,0.447488584,11,2.48490665,8
269,popping,1,3.523809524,1.571428571,4.19047619,0.476190476,0.476190476,1.400680107,1.325572653,1.123345344,1.077916862,1.077916862,Auditory,0.362790698,3,1.386294361,7
270,portly,0.523809524,4,2.25,0.333333333,0.916666667,0.833333333,1.59544807,1.356801051,0.651338947,1.621353718,1.585922922,Visual,0.44,1,0.693147181,6
271,prickly,1,4.142857143,4.904761905,1.19047619,0.285714286,0.952380952,1.525965736,0.300792604,1.435933411,0.956182887,1.116968687,Haptic,0.402489627,2,1.098612289,7
272,puffy,1,4.142857143,3.571428571,0.80952381,0.428571429,0.571428571,0.91025899,1.468721504,1.123345344,1.247855303,1.207121724,Visual,0.39,1,0.693147181,5
273,pulsing,1,4.142857143,4.476190476,3.428571429,0.19047619,0.047619048,1.276154939,0.872871561,1.468721504,0.872871561,0.21821789,Haptic,0.360465116,1,0.693147181,7
274,pungent,0.904761905,1.526315789,0.315789474,0.210526316,4.842105263,2.210526316,1.504379571,0.820069887,0.535303379,0.501459857,1.718492471,Olfactory,0.50867052,2,1.098612289,7
275,puny,0.80952381,4.470588235,2.647058824,0.647058824,0.294117647,0.411764706,0.799816155,1.729926894,1.05718828,0.771743633,0.870260272,Visual,0.493055556,1,0.693147181,4
276,purple,1,5,0.047619048,0.19047619,0.095238095,0.142857143,0,0.21821789,0.601585208,0.43643578,0.478091444,Visual,0.904347826,13,2.63905733,6
277,purring,1,2.238095238,0.857142857,4.857142857,0.095238095,0.047619048,1.410842369,1.108409414,0.358568583,0.300792604,0.21821789,Auditory,0.594117647,0,0,7
278,putrid,0.904761905,2.421052632,0.631578947,0.368421053,3.894736842,3.315789474,1.67715995,1.011628298,0.683985568,1.448935887,1.827342684,Olfactory,0.331683168,1,0.693147181,6
279,quiet,1,2.095238095,0.095238095,4.952380952,0.095238095,0.047619048,1.374945886,0.43643578,0.21821789,0.300792604,0.21821789,Auditory,0.673202614,64,4.17438727,5
280,radiant,1,4.380952381,0.80952381,1.285714286,1,0.428571429,1.321975434,1.030487633,1.346954236,1.449137675,1.075705748,Visual,0.5,2,1.098612289,7
281,rancid,1,3.095238095,1.571428571,0.857142857,4.19047619,3.238095238,1.813966976,1.630074494,1.458962449,1.249761882,1.786190413,Olfactory,0.257352941,1,0.693147181,6
282,raspy,0.80952381,2,1.176470588,3.647058824,0.647058824,0.529411765,1.620185175,1.50977209,1.693412844,1.32009358,1.007326105,Auditory,0.389705882,0,0,5
283,raucous,0.619047619,3.230769231,0.153846154,4.538461538,0.307692308,0.230769231,1.640825308,0.554700196,1.391365314,0.751067616,0.59914469,Auditory,0.518181818,1,0.693147181,7
284,rectangular,1,4.80952381,3.952380952,0,0,0.095238095,0.679635757,1.160869953,0,0,0.43643578,Visual,0.543010753,6,1.945910149,11
285,red,0.952380952,4.714285714,0.095238095,0.19047619,0.285714286,0.285714286,1.10194633,0.43643578,0.601585208,0.783763813,0.783763813,Visual,0.829059829,149,5.010635294,3
286,reddish,0.952380952,4.7,0.15,0.1,0.2,0.2,0.656946685,0.489360485,0.307793506,0.615587011,0.615587011,Visual,0.859813084,2,1.098612289,7
287,reeking,0.904761905,1.368421053,0.157894737,0.105263158,4.947368421,2.052631579,1.300022492,0.501459857,0.315301768,0.229415734,1.747178176,Olfactory,0.56097561,0,0,7
288,resounding,0.857142857,1.833333333,0.444444444,3.833333333,0.055555556,0.055555556,1.689065178,0.855585264,1.543487266,0.23570226,0.23570226,Auditory,0.607142857,2,1.098612289,10
289,reverberating,0.619047619,2.153846154,2.307692308,3.307692308,0,0,1.463224399,2.056883378,1.493575988,0,0,Auditory,0.425742574,0,0,13
290,rhythmic,1,2.476190476,1.333333333,4.619047619,0.095238095,0,1.503963019,1.770122406,0.669043382,0.300792604,0,Auditory,0.541899441,5,1.791759469,8
291,ripe,1,4.142857143,3.380952381,0.095238095,3.666666667,4.523809524,0.963624112,1.499206139,0.300792604,1.154700538,0.679635757,Gustatory,0.280120482,6,1.945910149,4
292,rippled,0.952380952,4.25,3.9,2,0.25,0.5,1.069923755,1.252366182,1.863782233,0.786397516,1.147078669,Visual,0.366972477,1,0.693147181,7
293,rippling,0.904761905,4.631578947,3.473684211,3,0.368421053,0.894736842,0.59726472,1.504379571,1.666666667,0.895080773,1.448935887,Visual,0.344680851,2,1.098612289,8
294,roasted,1,4.19047619,1.761904762,1.333333333,3.857142857,4.428571429,1.030487633,1.813966976,1.74164673,1.276154939,0.676123404,Gustatory,0.198776758,2,1.098612289,7
295,roasting,1,4.047619048,2.333333333,1.476190476,3.80952381,3.333333333,1.023532631,2.081665999,1.536848972,1.327367606,1.622754859,Visual,0.171428571,2,1.098612289,8
296,rotten,1,4.095238095,2.571428571,0.19047619,3.952380952,3.285714286,0.995226703,1.630074494,0.402373908,1.627150592,1.978455386,Visual,0.277027027,8,2.197224577,6
297,rotund,0.476190476,3.9,2.7,0.2,0,0.1,1.449137675,1.702938637,0.632455532,0,0.316227766,Visual,0.565217391,0,0,6
298,rough,1,4.047619048,4.904761905,2.285714286,0.714285714,1.619047619,0.864649668,0.300792604,1.792842914,1.45405836,1.657594356,Haptic,0.30877193,36,3.610917913,5
299,round,1,4.476190476,4.380952381,0.238095238,0,0.19047619,0.980767435,1.023532631,0.538958431,0,0.511766316,Visual,0.482051282,320,5.771441123,5
300,rubbery,1,3.619047619,4.5,1.142857143,2.142857143,2.142857143,1.321975434,0.888523317,1.38873015,1.796822592,1.621286967,Haptic,0.247803163,1,0.693147181,7
301,rumbling,1,2.476190476,1.666666667,4.238095238,0.238095238,0.2,1.600595127,1.425949976,1.179184545,0.700340053,0.695852374,Auditory,0.457883369,1,0.693147181,8
302,rustling,1,3.047619048,2.523809524,4.666666667,0.55,0.2,1.4309504,1.721018525,0.577350269,1.050062655,0.523148364,Auditory,0.406500542,1,0.693147181,8
303,rusty,1,4.285714286,3,1.142857143,1.571428571,0.666666667,0.902377811,1.264911064,1.352246808,1.690308509,1.316561177,Visual,0.339285714,4,1.609437912,5
304,salty,1,1.857142857,0.666666667,0.047619048,1.714285714,4.80952381,1.352246808,1.110555417,0.21821789,1.10194633,0.679635757,Gustatory,0.523560209,2,1.098612289,5
305,savoury,1,2.666666667,0.333333333,0.19047619,3.523809524,5,1.622754859,0.795822426,0.511766316,1.209092537,0,Gustatory,0.410569106,1,0.693147181,7
306,scaly,1,4.333333333,4.428571429,0.142857143,0.095238095,1,0.856348839,1.121223821,0.358568583,0.300792604,1.549193338,Haptic,0.433333333,1,0.693147181,5
307,scented,1,1,0.095238095,0.047619048,4.761904762,2.333333333,1.140175425,0.43643578,0.21821789,0.538958431,1.683250823,Olfactory,0.572254335,3,1.386294361,7
308,scentless,1,1,0.19047619,0.19047619,4.428571429,2.380952381,1.61245155,0.511766316,0.511766316,1.39897922,1.596126263,Olfactory,0.51744186,0,0,9
309,scratchy,1,2.857142857,4.142857143,3.285714286,0.095238095,0.047619048,1.525965736,1.276154939,1.901127485,0.43643578,0.21821789,Haptic,0.392694064,1,0.693147181,8
310,scrawny,1,4.761904762,2.571428571,0.666666667,0.285714286,0.285714286,0.538958431,1.567527626,1.354006401,0.902377811,0.902377811,Visual,0.522222222,1,0.693147181,7
311,screaming,1,2.80952381,0.142857143,4.952380952,0.047619048,0.047619048,1.470341716,0.358568583,0.21821789,0.21821789,0.21821789,Auditory,0.613095238,14,2.708050201,9
312,screeching,1,2.333333333,0.333333333,4.952380952,0.238095238,0.095238095,1.559914528,0.856348839,0.21821789,0.700340053,0.43643578,Auditory,0.610778443,1,0.693147181,10
313,searing,0.714285714,3.666666667,1.866666667,2.2,0.666666667,0.466666667,1.5430335,1.995232413,1.82051798,1.290994449,1.245945806,Visual,0.360902256,2,1.098612289,7
314,shadowy,1,4.714285714,0.285714286,0.285714286,0.142857143,0.142857143,0.560611911,0.902377811,0.783763813,0.654653671,0.654653671,Visual,0.820512821,4,1.609437912,7
315,shaggy,1,4.19047619,4.095238095,0.19047619,0.142857143,0,0.92838826,0.995226703,0.679635757,0.654653671,0,Visual,0.486187845,2,1.098612289,6
316,shallow,1,4.238095238,3.333333333,1.380952381,0.19047619,0.285714286,1.135991281,1.770122406,1.499206139,0.679635757,0.560611911,Visual,0.429292929,15,2.772588722,7
317,sharp,1,4.428571429,4.571428571,1.047619048,0.333333333,1.19047619,0.810643483,1.164964745,1.532194194,0.966091783,1.691716513,Haptic,0.366255144,45,3.828641396,5
318,sheer,0.904761905,4.526315789,2.894736842,0.578947368,0,0,0.904827857,1.760515608,1.464991068,0,0,Visual,0.565789474,21,3.091042453,5
319,shimmering,1,4.761904762,0.857142857,0.761904762,0.333333333,0.238095238,0.768424486,1.236354087,1.261140829,1.064581295,0.768424486,Visual,0.650684932,2,1.098612289,10
320,shiny,1,4.952380952,1.857142857,0.095238095,0.047619048,0.047619048,0.21821789,1.276154939,0.300792604,0.21821789,0.21821789,Visual,0.700680272,8,2.197224577,5
321,short,1,4.952380952,3.238095238,0.571428571,0.142857143,0.142857143,0.21821789,1.445847914,1.028174527,0.478091444,0.478091444,Visual,0.531578947,184,5.220355825,5
322,shrieking,1,2.714285714,0.142857143,4.952380952,0.142857143,0.142857143,1.383577144,0.478091444,0.21821789,0.654653671,0.654653671,Auditory,0.594117647,1,0.693147181,9
323,shrill,0.904761905,1.526315789,0.263157895,4.789473684,0.105263158,0.105263158,1.645479365,0.653376296,0.535303379,0.458831468,0.458831468,Auditory,0.689922481,3,1.386294361,6
324,silent,1,1.952380952,0.142857143,5,0,0.095238095,1.657594356,0.478091444,0,0,0.43643578,Auditory,0.695364238,38,3.663561646,6
325,silky,1,3.761904762,4.904761905,0.238095238,0,0.380952381,0.995226703,0.300792604,0.768424486,0,0.669043382,Haptic,0.528205128,3,1.386294361,5
326,silver,1,4.571428571,0.666666667,0.047619048,0.333333333,0.238095238,0.978336781,0.966091783,0.21821789,0.795822426,0.889087279,Visual,0.772357724,41,3.737669618,6
327,skinny,1,4.904761905,4,0.380952381,0.19047619,0.142857143,0.300792604,1.449137675,0.973457265,0.511766316,0.478091444,Visual,0.495049505,3,1.386294361,6
328,slick,1,3.80952381,3.523809524,1.571428571,0.19047619,0.142857143,1.470341716,1.691716513,1.599106894,0.511766316,0.358568583,Visual,0.396907216,4,1.609437912,5
329,slimy,1,3.80952381,4.523809524,0.80952381,0.857142857,2.047619048,1.077916862,0.980767435,1.123345344,1.31475147,1.82964998,Haptic,0.308300395,2,1.098612289,5
330,slippery,1,3.857142857,4.619047619,1.476190476,0.476190476,1.285714286,1.31475147,0.804747816,1.249761882,1.123345344,1.647508942,Haptic,0.353658537,5,1.791759469,8
331,slushy,1,3.571428571,3.523809524,2.238095238,0.428571429,1.857142857,1.325572653,1.631534481,1.410842369,0.9258201,1.740279124,Visual,0.270491803,0,0,6
332,small,1,4.952380952,3.666666667,0.428571429,0,0,0.21821789,1.425949976,0.810643483,0,0,Visual,0.547368421,438,6.084499413,5
333,smelly,1,1.380952381,0.238095238,0.333333333,5,1.428571429,1.321975434,0.700340053,0.730296743,0,1.599106894,Olfactory,0.568181818,3,1.386294361,6
334,smoky,1,4.523809524,0.476190476,0.666666667,4.571428571,3.333333333,0.679635757,0.980767435,1.154700538,0.870139562,1.494434118,Olfactory,0.301754386,2,1.098612289,5
335,smooth,1,4.142857143,4.952380952,1.333333333,0.380952381,1.857142857,0.792824967,0.21821789,1.653279569,0.973457265,1.711306936,Haptic,0.360902256,31,3.465735903,6
336,snarling,0.952380952,3.523809524,0.238095238,4.380952381,0,0,1.435933411,0.700340053,1.160869953,0,0,Auditory,0.538011696,2,1.098612289,8
337,snorting,0.952380952,2.8,0.3,4.65,0.35,0.35,1.704483252,0.656946685,0.812727701,0.812727701,1.182103388,Auditory,0.514792899,1,0.693147181,8
338,soapy,1,3.80952381,3.666666667,0.666666667,3.19047619,1.714285714,1.167006753,1.390443574,1.064581295,1.749829924,1.764733893,Visual,0.240875912,1,0.693147181,5
339,sodden,0.857142857,3.666666667,3.555555556,0.388888889,0.722222222,0.111111111,1.028991511,1.381483526,0.777544316,0.95828005,0.323380833,Visual,0.421052632,2,1.098612289,6
340,soft,1,4.142857143,4.952380952,1.666666667,0.666666667,1.333333333,1.108409414,0.21821789,1.852925615,1.494434118,1.683250823,Haptic,0.335820896,61,4.127134385,4
341,soggy,1,3.952380952,4.285714286,1.238095238,1.19047619,2.047619048,1.160869953,1.055597326,1.338086765,1.569045813,1.596126263,Haptic,0.243445693,2,1.098612289,5
342,solid,1,4.571428571,4.80952381,1.857142857,0.19047619,1.714285714,0.597614305,0.511766316,1.621286967,0.601585208,1.95301964,Haptic,0.351449275,36,3.610917913,5
343,sonorous,0.428571429,0.666666667,0.888888889,4.777777778,0.111111111,0,1.118033989,1.691481928,0.440958552,0.333333333,0,Auditory,0.74137931,1,0.693147181,8
344,sore,1,3.19047619,4.285714286,1.047619048,0.095238095,0.095238095,1.503963019,1.055597326,1.395571226,0.300792604,0.43643578,Haptic,0.480874317,9,2.302585093,4
345,soundless,1,1.714285714,0.333333333,4.428571429,0.047619048,0.047619048,1.647508942,0.966091783,1.362770288,0.21821789,0.21821789,Auditory,0.666666667,1,0.693147181,9
346,sour,1,1.19047619,0.047619048,0.142857143,2.714285714,4.80952381,1.030487633,0.21821789,0.478091444,1.616875293,0.679635757,Gustatory,0.534759358,6,1.945910149,4
347,sparkly,1,4.571428571,1.285714286,1.19047619,0.142857143,0.19047619,0.978336781,1.419255338,1.503963019,0.654653671,0.872871561,Visual,0.6,0,0,7
348,speckled,1,4.714285714,1.428571429,0.333333333,0.238095238,0.142857143,0.902377811,1.567527626,0.730296743,0.624880941,0.478091444,Visual,0.666666667,1,0.693147181,8
349,spicy,1,1.666666667,0.428571429,0.333333333,4.238095238,5,1.74164673,0.978336781,0.966091783,0.889087279,0,Gustatory,0.4,2,1.098612289,5
350,spiky,1,4.523809524,4.857142857,0.666666667,0.142857143,0.80952381,0.74960307,0.358568583,1.154700538,0.654653671,1.400680107,Haptic,0.428571429,2,1.098612289,5
351,spilling,1,4.428571429,2.380952381,1.952380952,0.714285714,0.142857143,0.746420027,1.657594356,1.596126263,1.10194633,0.654653671,Visual,0.445544554,3,1.386294361,8
352,spotless,1,5,1.761904762,0.095238095,0.80952381,0.1,0,1.546116487,0.43643578,1.364516311,0.447213595,Visual,0.631514408,1,0.693147181,8
353,spotted,1,4.666666667,1.19047619,0.571428571,0.095238095,0.19047619,0.795822426,1.327367606,1.287300609,0.43643578,0.511766316,Visual,0.680851064,16,2.833213344,7
354,square,1,4.428571429,4,0,0,0.047619048,1.121223821,1.61245155,0,0,0.21821789,Visual,0.52247191,28,3.36729583,6
355,squeaking,1,1.380952381,0.904761905,4.523809524,0.047619048,0.047619048,1.532194194,1.261140829,0.813575296,0.21821789,0.21821789,Auditory,0.648275862,0,0,9
356,squealing,1,2.047619048,0.19047619,4.666666667,0,0,1.4309504,0.511766316,0.795822426,0,0,Auditory,0.675862069,1,0.693147181,9
357,stagnant,0.952380952,3.15,1.05,0.4,3.1,1.05,1.663066287,1.468081455,0.753937035,1.860956178,1.66938375,Visual,0.314285714,2,1.098612289,8
358,stale,1,3.761904762,2.714285714,0.714285714,3.80952381,4.714285714,1.374945886,1.647508942,1.521277659,1.470341716,0.717137166,Gustatory,0.254545455,4,1.609437912,5
359,steep,1,4.952380952,2.571428571,0.857142857,0.095238095,0.095238095,0.21821789,1.886038933,1.195228609,0.43643578,0.43643578,Visual,0.566666667,16,2.833213344,5
360,stenchy,1,1.904761905,0.19047619,0.333333333,4.904761905,1.523809524,1.70014005,0.511766316,0.577350269,0.43643578,1.249761882,Olfactory,0.532258065,0,0,7
361,sticky,1,3.095238095,4.619047619,0.047619048,0.428571429,2.380952381,1.220850601,0.74001287,0.21821789,1.028174527,1.745743122,Haptic,0.432432432,8,2.197224577,6
362,stinging,1,1.761904762,4.666666667,0.380952381,0.047619048,0.142857143,1.445847914,0.730296743,0.920662287,0.21821789,0.478091444,Haptic,0.659863946,3,1.386294361,8
363,stinky,1,1.476190476,0.095238095,0.238095238,4.761904762,1.952380952,1.209092537,0.300792604,0.43643578,0.538958431,1.687488977,Olfactory,0.547486034,0,0,6
364,stormy,1,4.333333333,0.428571429,4.333333333,1.2,0.047619048,1.110555417,0.9258201,0.795822426,1.151657844,0.21821789,Visual,0.414364641,4,1.609437912,6
365,straight,1,4.904761905,4,0.19047619,0.047619048,0.095238095,0.300792604,1.183215957,0.679635757,0.21821789,0.300792604,Visual,0.525773196,91,4.521788577,8
366,strange,0.952380952,4.142857143,2.523809524,3.380952381,3.333333333,3.476190476,1.352246808,2.135861597,1.687488977,1.798147195,1.749829924,Visual,0.096045198,64,4.17438727,7
367,striped,1,4.523809524,0.904761905,0.285714286,0.047619048,0.095238095,0.813575296,1.220850601,0.956182887,0.21821789,0.43643578,Visual,0.764227642,5,1.791759469,7
368,strong,1,3.904761905,3.714285714,1.904761905,3,3.285714286,1.410842369,1.23056317,1.972429008,2.167948339,2.077085871,Visual,0.126506024,160,5.081404365,6
369,sturdy,1,4.142857143,4.19047619,0.761904762,0.238095238,0.285714286,0.72702918,1.167006753,1.300183137,1.091089451,1.10194633,Haptic,0.410891089,5,1.791759469,6
370,sunny,1,4.952380952,0.952380952,0.285714286,0.285714286,0.095238095,0.21821789,1.596126263,0.783763813,0.717137166,0.43643578,Visual,0.739130435,10,2.397895273,5
371,sweaty,1,3.80952381,3.523809524,0.238095238,4.047619048,1.428571429,1.327367606,1.503963019,0.538958431,1.023532631,1.599106894,Olfactory,0.291970803,2,1.098612289,6
372,sweet,1,2.19047619,0.571428571,1.19047619,3.904761905,4.857142857,1.806074407,1.247855303,1.96517296,1.261140829,0.358568583,Gustatory,0.337078652,35,3.583518938,5
373,swift,1,4.571428571,1.238095238,2.857142857,0.238095238,0.095238095,0.746420027,1.609495632,1.525965736,0.768424486,0.43643578,Visual,0.497354497,9,2.302585093,5
374,swinging,1,4.428571429,2.666666667,1.571428571,0.095238095,0.095238095,1.028174527,1.354006401,1.434274331,0.43643578,0.43643578,Visual,0.489247312,9,2.302585093,8
375,tall,1,4.904761905,2.714285714,0.19047619,0,0,0.300792604,1.521277659,0.511766316,0,0,Visual,0.62804878,46,3.850147602,4
376,tangerine,1,4.333333333,2.095238095,0.285714286,3.238095238,4.19047619,1.197219,1.546116487,0.902377811,1.70014005,1.364516311,Visual,0.286195286,1,0.693147181,9
377,tangy,1,0.80952381,0.19047619,0.19047619,3.095238095,4.75,1.123345344,0.511766316,0.511766316,1.410842369,0.550119604,Gustatory,0.504611331,1,0.693147181,5
378,tapering,0.714285714,3.4,3,0.6,0.2,0.2,1.549193338,1.511857892,1.298350602,0.560611911,0.560611911,Visual,0.432432432,2,1.098612289,8
379,tarry,0.761904762,3.882352941,2.411764706,0,2.235294118,0.470588235,1.317305628,1.227743027,0,1.821037196,1.007326105,Visual,0.431372549,0,0,5
380,tart,0.904761905,2.421052632,0.842105263,0.105263158,1.894736842,4.157894737,1.952656011,1.384965218,0.315301768,1.486783883,1.42451387,Gustatory,0.430167598,3,1.386294361,4
381,tasteless,1,1.095238095,0.19047619,0.333333333,3.238095238,4.333333333,1.410842369,0.402373908,0.730296743,1.374945886,1.354006401,Gustatory,0.450777202,1,0.693147181,9
382,tasty,1,2.761904762,0.333333333,0.19047619,3.904761905,5,1.48002574,0.658280589,0.511766316,0.995226703,0,Gustatory,0.39453125,4,1.609437912,5
383,tender,1,3,3.952380952,1.619047619,1.238095238,2.619047619,1.414213562,1.321975434,1.499206139,1.513431925,1.716863142,Haptic,0.218390805,17,2.890371758,6
384,tepid,0.904761905,1,3.684210526,0.315789474,0.473684211,1.368421053,1.56347192,1.492672159,0.582392725,1.172292202,1.605910137,Haptic,0.492307692,1,0.693147181,5
385,thorny,1,4.428571429,4.904761905,0.761904762,0.238095238,0.761904762,1.207121724,0.300792604,1.04425868,0.700340053,1.445847914,Haptic,0.420600858,1,0.693147181,6
386,thudding,1,2.857142857,2.238095238,4.571428571,0.047619048,0.047619048,1.236354087,1.89485519,0.978336781,0.21821789,0.21821789,Auditory,0.463414634,1,0.693147181,8
387,thumping,1,2.619047619,2.523809524,3.904761905,0.19047619,0.142857143,1.465475707,1.66189794,1.513431925,0.872871561,0.654653671,Auditory,0.401015228,3,1.386294361,8
388,thunderous,1,3.142857143,0.380952381,4.523809524,0.380952381,0,1.8516402,0.920662287,0.74960307,0.973457265,0,Auditory,0.536723164,1,0.693147181,10
389,ticklish,1,2.666666667,4.666666667,1.095238095,0.142857143,0.19047619,1.798147195,0.658280589,1.578124263,0.654653671,0.872871561,Haptic,0.516304348,0,0,8
390,tight,1,3.904761905,4.142857143,0.714285714,0.095238095,0,1.300183137,1.152636729,1.055597326,0.43643578,0,Haptic,0.467741935,38,3.663561646,5
391,tingly,0.952380952,0.9,4.8,0.5,0.4,1.15,1.333771858,0.523148364,1.100239208,1.046296728,1.424411236,Haptic,0.567741935,0,0,6
392,tinkling,0.952380952,1.8,1.5,4.15,0.2,0,1.542383664,1.638356044,1.348488433,0.523148364,0,Auditory,0.54248366,0,0,8
393,tiny,1,4.619047619,3.333333333,0.619047619,0.047619048,0.238095238,0.804747816,1.591644852,1.283596139,0.21821789,0.538958431,Visual,0.516129032,55,4.025351691,4
394,tough,1,3.380952381,3.761904762,0.571428571,0.142857143,2.142857143,1.359271514,1.513431925,0.978336781,0.358568583,2.007130147,Haptic,0.361904762,32,3.496507561,5
395,translucent,0.904761905,4.684210526,1.052631579,0.421052632,0.210526316,0.210526316,0.749268649,1.544656891,0.96123702,0.713282504,0.713282504,Visual,0.68,2,1.098612289,11
396,transparent,1,4.80952381,0.619047619,0.25,0.142857143,0.142857143,0.511766316,0.973457265,0.786397516,0.654653671,0.654653671,Visual,0.78243513,7,2.079441542,11
397,triangular,1,4.619047619,3.571428571,0.285714286,0,0,0.864649668,1.567527626,0.902377811,0,0,Visual,0.54494382,4,1.609437912,10
398,ugly,1,5,1.666666667,0.857142857,1.142857143,0.714285714,0,1.591644852,1.424279266,1.621286967,1.346954236,Visual,0.456852792,14,2.708050201,4
399,uneven,1,4.571428571,4.285714286,1.523809524,0.428571429,0.428571429,0.676123404,1.007117528,1.600595127,0.810643483,0.810643483,Visual,0.368644068,7,2.079441542,6
400,unpalatable,0.80952381,3.529411765,1.352941176,0.235294118,3.705882353,4.764705882,1.23073388,1.221739358,0.437237316,1.490163828,0.562295715,Gustatory,0.333333333,1,0.693147181,11
401,unripe,1,4.142857143,3.428571429,0.285714286,2.666666667,3.952380952,1.062342425,1.567527626,0.717137166,1.390443574,1.283596139,Visual,0.266447368,0,0,6
402,vegetal,0.523809524,3.909090909,1.454545455,0.181818182,2.6,3.272727273,1.513574937,1.368476259,0.404519917,1.577621275,2.148995537,Visual,0.326433121,0,0,7
403,vinegary,1,1.761904762,0.380952381,0,4.19047619,4.952380952,1.374945886,0.804747816,0,0.74960307,0.21821789,Gustatory,0.438818565,0,0,8
404,vivid,1,4.523809524,1.19047619,2.523809524,1.619047619,1.714285714,0.813575296,1.749829924,1.9136104,1.856776521,1.874642823,Visual,0.288065844,10,2.397895273,5
405,wailing,0.952380952,2.85,0.25,4.95,0.1,0.15,1.755442664,0.638666374,0.223606798,0.447213595,0.670820393,Auditory,0.584337349,2,1.098612289,7
406,warbling,0.761904762,1.9375,0.8125,3.9375,0.25,0.25,1.236594787,1.470544117,1.691892432,0.774596669,0.774596669,Auditory,0.513043478,0,0,8
407,warm,1,2.380952381,4.80952381,0.619047619,1.142857143,2.857142857,1.716863142,0.402373908,1.07126983,1.558387445,2.151411497,Haptic,0.35483871,70,4.262679877,4
408,waxy,1,4,4.666666667,0.619047619,2.142857143,1.619047619,0.948683298,0.577350269,1.07126983,1.824437291,1.745743122,Haptic,0.310218978,1,0.693147181,4
409,weak,1,3.666666667,3.19047619,1.857142857,1.428571429,2.142857143,1.278019301,1.536848972,1.681835732,1.832250763,1.796822592,Visual,0.182170543,36,3.610917913,4
410,weightless,1,3.047619048,4.285714286,1.238095238,0.142857143,0.285714286,1.283596139,1.309307341,1.445847914,0.478091444,0.902377811,Haptic,0.46031746,1,0.693147181,10
411,wet,1,4.333333333,4.666666667,1.857142857,1.80952381,1.714285714,0.856348839,0.577350269,1.558387445,1.569045813,1.764733893,Haptic,0.205298013,40,3.713572067,3
412,whiffy,0.952380952,0.95,0.2,0.3,4.9,1.5,1.145931017,0.523148364,0.801314709,0.307793506,1.538967528,Olfactory,0.598726115,0,0,6
413,whimpering,1,3.142857143,0.380952381,4.80952381,0.19047619,0.047619048,1.768776817,0.74001287,0.601585208,0.872871561,0.21821789,Auditory,0.555555556,1,0.693147181,10
414,whining,1,2.476190476,0.142857143,4.857142857,0.095238095,0.095238095,1.503963019,0.478091444,0.358568583,0.43643578,0.43643578,Auditory,0.621118012,1,0.693147181,7
415,whispering,1,2.428571429,0.238095238,4.666666667,0.095238095,0.047619048,1.690308509,0.700340053,0.577350269,0.300792604,0.21821789,Auditory,0.617834395,5,1.791759469,10
416,whistling,1,2.047619048,0.285714286,4.952380952,0.095238095,0.095238095,1.395571226,0.643650304,0.21821789,0.300792604,0.300792604,Auditory,0.649681529,3,1.386294361,9
417,white,1,4.571428571,0.095238095,0.238095238,0.142857143,0.1,0.978336781,0.43643578,0.700340053,0.358568583,0.307793506,Visual,0.869565217,218,5.38907173,5
418,wide,1,4.80952381,3.666666667,0.476190476,0.142857143,0.285714286,0.511766316,1.278019301,0.92838826,0.654653671,0.902377811,Visual,0.497461929,121,4.804021045,4
419,wiry,1,4.19047619,4.095238095,1.047619048,0.285714286,0.761904762,0.92838826,1.179184545,1.283596139,0.902377811,1.513431925,Visual,0.376146789,1,0.693147181,4
420,wispy,0.904761905,4.210526316,3.263157895,1.631578947,0.263157895,0.894736842,0.85498196,1.446916463,1.535162905,0.653376296,1.370106924,Visual,0.384615385,1,0.693147181,5
421,wizened,0.428571429,3.1,0.8,2.9,0.3,0.1,1.791957341,1.475729575,1.852925615,0.674948558,0.316227766,Visual,0.416666667,1,0.693147181,7
422,woolly,1,4.285714286,4.428571429,0.142857143,0.142857143,0.142857143,0.845154255,1.028174527,0.358568583,0.358568583,0.478091444,Haptic,0.46875,3,1.386294361,6
423,yellow,0.952380952,4.9,0,0.15,0.05,0.05,0.447213595,0,0.670820393,0.223606798,0.223606798,Visual,0.951456311,45,3.828641396,6